CTTAGTAAGATTACACATGCAAGCATCCCCG	rRNA-MT_RNR1-kmer1
TTAGTAAGATTACACATGCAAGCATCCCCGT	rRNA-MT_RNR1-kmer2
TAGTAAGATTACACATGCAAGCATCCCCGTT	rRNA-MT_RNR1-kmer3
AGTAAGATTACACATGCAAGCATCCCCGTTC	rRNA-MT_RNR1-kmer4
GTAAGATTACACATGCAAGCATCCCCGTTCC	rRNA-MT_RNR1-kmer5
TAAGATTACACATGCAAGCATCCCCGTTCCA	rRNA-MT_RNR1-kmer6
AAGATTACACATGCAAGCATCCCCGTTCCAG	rRNA-MT_RNR1-kmer7
AGATTACACATGCAAGCATCCCCGTTCCAGT	rRNA-MT_RNR1-kmer8
GATTACACATGCAAGCATCCCCGTTCCAGTG	rRNA-MT_RNR1-kmer9
ATTACACATGCAAGCATCCCCGTTCCAGTGA	rRNA-MT_RNR1-kmer10
TTACACATGCAAGCATCCCCGTTCCAGTGAG	rRNA-MT_RNR1-kmer11
TACACATGCAAGCATCCCCGTTCCAGTGAGT	rRNA-MT_RNR1-kmer12
ACACATGCAAGCATCCCCGTTCCAGTGAGTT	rRNA-MT_RNR1-kmer13
CACATGCAAGCATCCCCGTTCCAGTGAGTTC	rRNA-MT_RNR1-kmer14
ACATGCAAGCATCCCCGTTCCAGTGAGTTCA	rRNA-MT_RNR1-kmer15
CATGCAAGCATCCCCGTTCCAGTGAGTTCAC	rRNA-MT_RNR1-kmer16
ATGCAAGCATCCCCGTTCCAGTGAGTTCACC	rRNA-MT_RNR1-kmer17
TGCAAGCATCCCCGTTCCAGTGAGTTCACCC	rRNA-MT_RNR1-kmer18
GCAAGCATCCCCGTTCCAGTGAGTTCACCCT	rRNA-MT_RNR1-kmer19
CAAGCATCCCCGTTCCAGTGAGTTCACCCTC	rRNA-MT_RNR1-kmer20
AAGCATCCCCGTTCCAGTGAGTTCACCCTCT	rRNA-MT_RNR1-kmer21
AGCATCCCCGTTCCAGTGAGTTCACCCTCTA	rRNA-MT_RNR1-kmer22
GCATCCCCGTTCCAGTGAGTTCACCCTCTAA	rRNA-MT_RNR1-kmer23
CATCCCCGTTCCAGTGAGTTCACCCTCTAAA	rRNA-MT_RNR1-kmer24
ATCCCCGTTCCAGTGAGTTCACCCTCTAAAT	rRNA-MT_RNR1-kmer25
TCCCCGTTCCAGTGAGTTCACCCTCTAAATC	rRNA-MT_RNR1-kmer26
CCCCGTTCCAGTGAGTTCACCCTCTAAATCA	rRNA-MT_RNR1-kmer27
CCCGTTCCAGTGAGTTCACCCTCTAAATCAC	rRNA-MT_RNR1-kmer28
CCGTTCCAGTGAGTTCACCCTCTAAATCACC	rRNA-MT_RNR1-kmer29
CGTTCCAGTGAGTTCACCCTCTAAATCACCA	rRNA-MT_RNR1-kmer30
GTTCCAGTGAGTTCACCCTCTAAATCACCAC	rRNA-MT_RNR1-kmer31
CAGTGAGTTCACCCTCTAAATCACCACGATC	rRNA-MT_RNR1-kmer32
AGTGAGTTCACCCTCTAAATCACCACGATCA	rRNA-MT_RNR1-kmer33
GTGAGTTCACCCTCTAAATCACCACGATCAA	rRNA-MT_RNR1-kmer34
TGAGTTCACCCTCTAAATCACCACGATCAAA	rRNA-MT_RNR1-kmer35
GAGTTCACCCTCTAAATCACCACGATCAAAA	rRNA-MT_RNR1-kmer36
AGTTCACCCTCTAAATCACCACGATCAAAAG	rRNA-MT_RNR1-kmer37
GTTCACCCTCTAAATCACCACGATCAAAAGG	rRNA-MT_RNR1-kmer38
TTCACCCTCTAAATCACCACGATCAAAAGGA	rRNA-MT_RNR1-kmer39
CTCTAAATCACCACGATCAAAAGGAACAAGC	rRNA-MT_RNR1-kmer40
TCTAAATCACCACGATCAAAAGGAACAAGCA	rRNA-MT_RNR1-kmer41
CTAAATCACCACGATCAAAAGGAACAAGCAT	rRNA-MT_RNR1-kmer42
TAAATCACCACGATCAAAAGGAACAAGCATC	rRNA-MT_RNR1-kmer43
AAATCACCACGATCAAAAGGAACAAGCATCA	rRNA-MT_RNR1-kmer44
AATCACCACGATCAAAAGGAACAAGCATCAA	rRNA-MT_RNR1-kmer45
ATCACCACGATCAAAAGGAACAAGCATCAAG	rRNA-MT_RNR1-kmer46
TCACCACGATCAAAAGGAACAAGCATCAAGC	rRNA-MT_RNR1-kmer47
CACCACGATCAAAAGGAACAAGCATCAAGCA	rRNA-MT_RNR1-kmer48
ACCACGATCAAAAGGAACAAGCATCAAGCAC	rRNA-MT_RNR1-kmer49
CCACGATCAAAAGGAACAAGCATCAAGCACG	rRNA-MT_RNR1-kmer50
CACGATCAAAAGGAACAAGCATCAAGCACGC	rRNA-MT_RNR1-kmer51
ACGATCAAAAGGAACAAGCATCAAGCACGCA	rRNA-MT_RNR1-kmer52
CGATCAAAAGGAACAAGCATCAAGCACGCAG	rRNA-MT_RNR1-kmer53
GATCAAAAGGAACAAGCATCAAGCACGCAGC	rRNA-MT_RNR1-kmer54
ATCAAAAGGAACAAGCATCAAGCACGCAGCA	rRNA-MT_RNR1-kmer55
TCAAAAGGAACAAGCATCAAGCACGCAGCAA	rRNA-MT_RNR1-kmer56
CAAAAGGAACAAGCATCAAGCACGCAGCAAT	rRNA-MT_RNR1-kmer57
AAAAGGAACAAGCATCAAGCACGCAGCAATG	rRNA-MT_RNR1-kmer58
AAAGGAACAAGCATCAAGCACGCAGCAATGC	rRNA-MT_RNR1-kmer59
AAGGAACAAGCATCAAGCACGCAGCAATGCA	rRNA-MT_RNR1-kmer60
AGGAACAAGCATCAAGCACGCAGCAATGCAG	rRNA-MT_RNR1-kmer61
GGAACAAGCATCAAGCACGCAGCAATGCAGC	rRNA-MT_RNR1-kmer62
GAACAAGCATCAAGCACGCAGCAATGCAGCT	rRNA-MT_RNR1-kmer63
AACAAGCATCAAGCACGCAGCAATGCAGCTC	rRNA-MT_RNR1-kmer64
ACAAGCATCAAGCACGCAGCAATGCAGCTCA	rRNA-MT_RNR1-kmer65
CAAGCATCAAGCACGCAGCAATGCAGCTCAA	rRNA-MT_RNR1-kmer66
AAGCATCAAGCACGCAGCAATGCAGCTCAAA	rRNA-MT_RNR1-kmer67
AGCATCAAGCACGCAGCAATGCAGCTCAAAA	rRNA-MT_RNR1-kmer68
GCATCAAGCACGCAGCAATGCAGCTCAAAAC	rRNA-MT_RNR1-kmer69
CATCAAGCACGCAGCAATGCAGCTCAAAACG	rRNA-MT_RNR1-kmer70
AACGCTTAGCCTAGCCACACCCCCACGGGAA	rRNA-MT_RNR1-kmer71
ACGCTTAGCCTAGCCACACCCCCACGGGAAA	rRNA-MT_RNR1-kmer72
CGCTTAGCCTAGCCACACCCCCACGGGAAAC	rRNA-MT_RNR1-kmer73
GCTTAGCCTAGCCACACCCCCACGGGAAACA	rRNA-MT_RNR1-kmer74
CTTAGCCTAGCCACACCCCCACGGGAAACAG	rRNA-MT_RNR1-kmer75
TTAGCCTAGCCACACCCCCACGGGAAACAGC	rRNA-MT_RNR1-kmer76
TAGCCTAGCCACACCCCCACGGGAAACAGCA	rRNA-MT_RNR1-kmer77
AGCCTAGCCACACCCCCACGGGAAACAGCAG	rRNA-MT_RNR1-kmer78
GCCTAGCCACACCCCCACGGGAAACAGCAGT	rRNA-MT_RNR1-kmer79
CCTAGCCACACCCCCACGGGAAACAGCAGTG	rRNA-MT_RNR1-kmer80
CTAGCCACACCCCCACGGGAAACAGCAGTGA	rRNA-MT_RNR1-kmer81
TAGCCACACCCCCACGGGAAACAGCAGTGAT	rRNA-MT_RNR1-kmer82
AGCCACACCCCCACGGGAAACAGCAGTGATT	rRNA-MT_RNR1-kmer83
GCCACACCCCCACGGGAAACAGCAGTGATTA	rRNA-MT_RNR1-kmer84
CCACACCCCCACGGGAAACAGCAGTGATTAA	rRNA-MT_RNR1-kmer85
CACACCCCCACGGGAAACAGCAGTGATTAAC	rRNA-MT_RNR1-kmer86
ACACCCCCACGGGAAACAGCAGTGATTAACC	rRNA-MT_RNR1-kmer87
CACCCCCACGGGAAACAGCAGTGATTAACCT	rRNA-MT_RNR1-kmer88
ACCCCCACGGGAAACAGCAGTGATTAACCTT	rRNA-MT_RNR1-kmer89
CCCCCACGGGAAACAGCAGTGATTAACCTTT	rRNA-MT_RNR1-kmer90
CCCCACGGGAAACAGCAGTGATTAACCTTTA	rRNA-MT_RNR1-kmer91
CCCACGGGAAACAGCAGTGATTAACCTTTAG	rRNA-MT_RNR1-kmer92
CCACGGGAAACAGCAGTGATTAACCTTTAGC	rRNA-MT_RNR1-kmer93
CACGGGAAACAGCAGTGATTAACCTTTAGCA	rRNA-MT_RNR1-kmer94
ACGGGAAACAGCAGTGATTAACCTTTAGCAA	rRNA-MT_RNR1-kmer95
CGGGAAACAGCAGTGATTAACCTTTAGCAAT	rRNA-MT_RNR1-kmer96
GGGAAACAGCAGTGATTAACCTTTAGCAATA	rRNA-MT_RNR1-kmer97
GGAAACAGCAGTGATTAACCTTTAGCAATAA	rRNA-MT_RNR1-kmer98
GAAACAGCAGTGATTAACCTTTAGCAATAAA	rRNA-MT_RNR1-kmer99
AAACAGCAGTGATTAACCTTTAGCAATAAAC	rRNA-MT_RNR1-kmer100
AACAGCAGTGATTAACCTTTAGCAATAAACG	rRNA-MT_RNR1-kmer101
ACAGCAGTGATTAACCTTTAGCAATAAACGA	rRNA-MT_RNR1-kmer102
CAGCAGTGATTAACCTTTAGCAATAAACGAA	rRNA-MT_RNR1-kmer103
AGCAGTGATTAACCTTTAGCAATAAACGAAA	rRNA-MT_RNR1-kmer104
GCAGTGATTAACCTTTAGCAATAAACGAAAG	rRNA-MT_RNR1-kmer105
CAGTGATTAACCTTTAGCAATAAACGAAAGT	rRNA-MT_RNR1-kmer106
AGTGATTAACCTTTAGCAATAAACGAAAGTT	rRNA-MT_RNR1-kmer107
GTGATTAACCTTTAGCAATAAACGAAAGTTT	rRNA-MT_RNR1-kmer108
TGATTAACCTTTAGCAATAAACGAAAGTTTA	rRNA-MT_RNR1-kmer109
GATTAACCTTTAGCAATAAACGAAAGTTTAA	rRNA-MT_RNR1-kmer110
ATTAACCTTTAGCAATAAACGAAAGTTTAAC	rRNA-MT_RNR1-kmer111
TTAACCTTTAGCAATAAACGAAAGTTTAACT	rRNA-MT_RNR1-kmer112
TAACCTTTAGCAATAAACGAAAGTTTAACTA	rRNA-MT_RNR1-kmer113
AACGAAAGTTTAACTAAGCTATACTAACCCC	rRNA-MT_RNR1-kmer114
ACGAAAGTTTAACTAAGCTATACTAACCCCA	rRNA-MT_RNR1-kmer115
CGAAAGTTTAACTAAGCTATACTAACCCCAG	rRNA-MT_RNR1-kmer116
GAAAGTTTAACTAAGCTATACTAACCCCAGG	rRNA-MT_RNR1-kmer117
AAAGTTTAACTAAGCTATACTAACCCCAGGG	rRNA-MT_RNR1-kmer118
AAGTTTAACTAAGCTATACTAACCCCAGGGT	rRNA-MT_RNR1-kmer119
AGTTTAACTAAGCTATACTAACCCCAGGGTT	rRNA-MT_RNR1-kmer120
GTTTAACTAAGCTATACTAACCCCAGGGTTG	rRNA-MT_RNR1-kmer121
TTTAACTAAGCTATACTAACCCCAGGGTTGG	rRNA-MT_RNR1-kmer122
TTAACTAAGCTATACTAACCCCAGGGTTGGT	rRNA-MT_RNR1-kmer123
TAACTAAGCTATACTAACCCCAGGGTTGGTC	rRNA-MT_RNR1-kmer124
AACTAAGCTATACTAACCCCAGGGTTGGTCA	rRNA-MT_RNR1-kmer125
ACTAAGCTATACTAACCCCAGGGTTGGTCAA	rRNA-MT_RNR1-kmer126
CTAAGCTATACTAACCCCAGGGTTGGTCAAT	rRNA-MT_RNR1-kmer127
TAAGCTATACTAACCCCAGGGTTGGTCAATT	rRNA-MT_RNR1-kmer128
AAGCTATACTAACCCCAGGGTTGGTCAATTT	rRNA-MT_RNR1-kmer129
AGCTATACTAACCCCAGGGTTGGTCAATTTC	rRNA-MT_RNR1-kmer130
GCTATACTAACCCCAGGGTTGGTCAATTTCG	rRNA-MT_RNR1-kmer131
CTATACTAACCCCAGGGTTGGTCAATTTCGT	rRNA-MT_RNR1-kmer132
TATACTAACCCCAGGGTTGGTCAATTTCGTG	rRNA-MT_RNR1-kmer133
CGGTCACACGATTAACCCAAGTCAATAGAAG	rRNA-MT_RNR1-kmer134
GGTCACACGATTAACCCAAGTCAATAGAAGC	rRNA-MT_RNR1-kmer135
GTCACACGATTAACCCAAGTCAATAGAAGCC	rRNA-MT_RNR1-kmer136
TCACACGATTAACCCAAGTCAATAGAAGCCG	rRNA-MT_RNR1-kmer137
CACACGATTAACCCAAGTCAATAGAAGCCGG	rRNA-MT_RNR1-kmer138
ACACGATTAACCCAAGTCAATAGAAGCCGGC	rRNA-MT_RNR1-kmer139
CACGATTAACCCAAGTCAATAGAAGCCGGCG	rRNA-MT_RNR1-kmer140
ACGATTAACCCAAGTCAATAGAAGCCGGCGT	rRNA-MT_RNR1-kmer141
CGATTAACCCAAGTCAATAGAAGCCGGCGTA	rRNA-MT_RNR1-kmer142
GATTAACCCAAGTCAATAGAAGCCGGCGTAA	rRNA-MT_RNR1-kmer143
ATTAACCCAAGTCAATAGAAGCCGGCGTAAA	rRNA-MT_RNR1-kmer144
TTAACCCAAGTCAATAGAAGCCGGCGTAAAG	rRNA-MT_RNR1-kmer145
TAACCCAAGTCAATAGAAGCCGGCGTAAAGA	rRNA-MT_RNR1-kmer146
AACCCAAGTCAATAGAAGCCGGCGTAAAGAG	rRNA-MT_RNR1-kmer147
ACCCAAGTCAATAGAAGCCGGCGTAAAGAGT	rRNA-MT_RNR1-kmer148
CCCAAGTCAATAGAAGCCGGCGTAAAGAGTG	rRNA-MT_RNR1-kmer149
CCAAGTCAATAGAAGCCGGCGTAAAGAGTGT	rRNA-MT_RNR1-kmer150
CAAGTCAATAGAAGCCGGCGTAAAGAGTGTT	rRNA-MT_RNR1-kmer151
AAGTCAATAGAAGCCGGCGTAAAGAGTGTTT	rRNA-MT_RNR1-kmer152
AGTCAATAGAAGCCGGCGTAAAGAGTGTTTT	rRNA-MT_RNR1-kmer153
GTCAATAGAAGCCGGCGTAAAGAGTGTTTTA	rRNA-MT_RNR1-kmer154
TCAATAGAAGCCGGCGTAAAGAGTGTTTTAG	rRNA-MT_RNR1-kmer155
CAATAGAAGCCGGCGTAAAGAGTGTTTTAGA	rRNA-MT_RNR1-kmer156
AATAGAAGCCGGCGTAAAGAGTGTTTTAGAT	rRNA-MT_RNR1-kmer157
ATAGAAGCCGGCGTAAAGAGTGTTTTAGATC	rRNA-MT_RNR1-kmer158
TAGAAGCCGGCGTAAAGAGTGTTTTAGATCA	rRNA-MT_RNR1-kmer159
AGAAGCCGGCGTAAAGAGTGTTTTAGATCAC	rRNA-MT_RNR1-kmer160
GAAGCCGGCGTAAAGAGTGTTTTAGATCACC	rRNA-MT_RNR1-kmer161
AAGCCGGCGTAAAGAGTGTTTTAGATCACCC	rRNA-MT_RNR1-kmer162
AGCCGGCGTAAAGAGTGTTTTAGATCACCCC	rRNA-MT_RNR1-kmer163
GCCGGCGTAAAGAGTGTTTTAGATCACCCCC	rRNA-MT_RNR1-kmer164
CCGGCGTAAAGAGTGTTTTAGATCACCCCCT	rRNA-MT_RNR1-kmer165
CGGCGTAAAGAGTGTTTTAGATCACCCCCTC	rRNA-MT_RNR1-kmer166
GGCGTAAAGAGTGTTTTAGATCACCCCCTCC	rRNA-MT_RNR1-kmer167
GCGTAAAGAGTGTTTTAGATCACCCCCTCCC	rRNA-MT_RNR1-kmer168
CGTAAAGAGTGTTTTAGATCACCCCCTCCCC	rRNA-MT_RNR1-kmer169
GTAAAGAGTGTTTTAGATCACCCCCTCCCCA	rRNA-MT_RNR1-kmer170
TAAAGAGTGTTTTAGATCACCCCCTCCCCAA	rRNA-MT_RNR1-kmer171
AAAGAGTGTTTTAGATCACCCCCTCCCCAAT	rRNA-MT_RNR1-kmer172
AAGAGTGTTTTAGATCACCCCCTCCCCAATA	rRNA-MT_RNR1-kmer173
AGAGTGTTTTAGATCACCCCCTCCCCAATAA	rRNA-MT_RNR1-kmer174
GAGTGTTTTAGATCACCCCCTCCCCAATAAA	rRNA-MT_RNR1-kmer175
AGTGTTTTAGATCACCCCCTCCCCAATAAAG	rRNA-MT_RNR1-kmer176
GTGTTTTAGATCACCCCCTCCCCAATAAAGC	rRNA-MT_RNR1-kmer177
TGTTTTAGATCACCCCCTCCCCAATAAAGCT	rRNA-MT_RNR1-kmer178
GTTTTAGATCACCCCCTCCCCAATAAAGCTA	rRNA-MT_RNR1-kmer179
TTTTAGATCACCCCCTCCCCAATAAAGCTAA	rRNA-MT_RNR1-kmer180
TTTAGATCACCCCCTCCCCAATAAAGCTAAA	rRNA-MT_RNR1-kmer181
TTAGATCACCCCCTCCCCAATAAAGCTAAAA	rRNA-MT_RNR1-kmer182
TAGATCACCCCCTCCCCAATAAAGCTAAAAC	rRNA-MT_RNR1-kmer183
AGATCACCCCCTCCCCAATAAAGCTAAAACT	rRNA-MT_RNR1-kmer184
GATCACCCCCTCCCCAATAAAGCTAAAACTC	rRNA-MT_RNR1-kmer185
ATCACCCCCTCCCCAATAAAGCTAAAACTCA	rRNA-MT_RNR1-kmer186
TCACCCCCTCCCCAATAAAGCTAAAACTCAC	rRNA-MT_RNR1-kmer187
CACCCCCTCCCCAATAAAGCTAAAACTCACC	rRNA-MT_RNR1-kmer188
ACCCCCTCCCCAATAAAGCTAAAACTCACCT	rRNA-MT_RNR1-kmer189
CCCCCTCCCCAATAAAGCTAAAACTCACCTG	rRNA-MT_RNR1-kmer190
CCCCTCCCCAATAAAGCTAAAACTCACCTGA	rRNA-MT_RNR1-kmer191
CCCTCCCCAATAAAGCTAAAACTCACCTGAG	rRNA-MT_RNR1-kmer192
CCTCCCCAATAAAGCTAAAACTCACCTGAGT	rRNA-MT_RNR1-kmer193
CTCCCCAATAAAGCTAAAACTCACCTGAGTT	rRNA-MT_RNR1-kmer194
TCCCCAATAAAGCTAAAACTCACCTGAGTTG	rRNA-MT_RNR1-kmer195
AAAACTCACCTGAGTTGTAAAAAACTCCAGT	rRNA-MT_RNR1-kmer196
AAACTCACCTGAGTTGTAAAAAACTCCAGTT	rRNA-MT_RNR1-kmer197
AACTCACCTGAGTTGTAAAAAACTCCAGTTG	rRNA-MT_RNR1-kmer198
ACTCACCTGAGTTGTAAAAAACTCCAGTTGA	rRNA-MT_RNR1-kmer199
CTCACCTGAGTTGTAAAAAACTCCAGTTGAC	rRNA-MT_RNR1-kmer200
TCACCTGAGTTGTAAAAAACTCCAGTTGACA	rRNA-MT_RNR1-kmer201
CACCTGAGTTGTAAAAAACTCCAGTTGACAC	rRNA-MT_RNR1-kmer202
ACCTGAGTTGTAAAAAACTCCAGTTGACACA	rRNA-MT_RNR1-kmer203
CCTGAGTTGTAAAAAACTCCAGTTGACACAA	rRNA-MT_RNR1-kmer204
CTGAGTTGTAAAAAACTCCAGTTGACACAAA	rRNA-MT_RNR1-kmer205
TGAGTTGTAAAAAACTCCAGTTGACACAAAA	rRNA-MT_RNR1-kmer206
GAGTTGTAAAAAACTCCAGTTGACACAAAAT	rRNA-MT_RNR1-kmer207
AGTTGTAAAAAACTCCAGTTGACACAAAATA	rRNA-MT_RNR1-kmer208
GTTGTAAAAAACTCCAGTTGACACAAAATAG	rRNA-MT_RNR1-kmer209
TTGTAAAAAACTCCAGTTGACACAAAATAGA	rRNA-MT_RNR1-kmer210
TGTAAAAAACTCCAGTTGACACAAAATAGAC	rRNA-MT_RNR1-kmer211
GTAAAAAACTCCAGTTGACACAAAATAGACT	rRNA-MT_RNR1-kmer212
TAAAAAACTCCAGTTGACACAAAATAGACTA	rRNA-MT_RNR1-kmer213
AAAAAACTCCAGTTGACACAAAATAGACTAC	rRNA-MT_RNR1-kmer214
AAAAACTCCAGTTGACACAAAATAGACTACG	rRNA-MT_RNR1-kmer215
AAAACTCCAGTTGACACAAAATAGACTACGA	rRNA-MT_RNR1-kmer216
AAACTCCAGTTGACACAAAATAGACTACGAA	rRNA-MT_RNR1-kmer217
AACTCCAGTTGACACAAAATAGACTACGAAA	rRNA-MT_RNR1-kmer218
ACTCCAGTTGACACAAAATAGACTACGAAAG	rRNA-MT_RNR1-kmer219
CTCCAGTTGACACAAAATAGACTACGAAAGT	rRNA-MT_RNR1-kmer220
TCCAGTTGACACAAAATAGACTACGAAAGTG	rRNA-MT_RNR1-kmer221
CCAGTTGACACAAAATAGACTACGAAAGTGG	rRNA-MT_RNR1-kmer222
CAGTTGACACAAAATAGACTACGAAAGTGGC	rRNA-MT_RNR1-kmer223
AGTTGACACAAAATAGACTACGAAAGTGGCT	rRNA-MT_RNR1-kmer224
GTTGACACAAAATAGACTACGAAAGTGGCTT	rRNA-MT_RNR1-kmer225
TTGACACAAAATAGACTACGAAAGTGGCTTT	rRNA-MT_RNR1-kmer226
TGACACAAAATAGACTACGAAAGTGGCTTTA	rRNA-MT_RNR1-kmer227
GACACAAAATAGACTACGAAAGTGGCTTTAA	rRNA-MT_RNR1-kmer228
ACACAAAATAGACTACGAAAGTGGCTTTAAC	rRNA-MT_RNR1-kmer229
CACAAAATAGACTACGAAAGTGGCTTTAACA	rRNA-MT_RNR1-kmer230
ACAAAATAGACTACGAAAGTGGCTTTAACAT	rRNA-MT_RNR1-kmer231
CAAAATAGACTACGAAAGTGGCTTTAACATA	rRNA-MT_RNR1-kmer232
AAAATAGACTACGAAAGTGGCTTTAACATAT	rRNA-MT_RNR1-kmer233
AAATAGACTACGAAAGTGGCTTTAACATATC	rRNA-MT_RNR1-kmer234
AATAGACTACGAAAGTGGCTTTAACATATCT	rRNA-MT_RNR1-kmer235
ATAGACTACGAAAGTGGCTTTAACATATCTG	rRNA-MT_RNR1-kmer236
TAGACTACGAAAGTGGCTTTAACATATCTGA	rRNA-MT_RNR1-kmer237
AGACTACGAAAGTGGCTTTAACATATCTGAA	rRNA-MT_RNR1-kmer238
GACTACGAAAGTGGCTTTAACATATCTGAAC	rRNA-MT_RNR1-kmer239
CTATATACCGCCATCTTCAGCAAACCCTGAT	rRNA-MT_RNR1-kmer240
TATATACCGCCATCTTCAGCAAACCCTGATG	rRNA-MT_RNR1-kmer241
ATATACCGCCATCTTCAGCAAACCCTGATGA	rRNA-MT_RNR1-kmer242
TATACCGCCATCTTCAGCAAACCCTGATGAA	rRNA-MT_RNR1-kmer243
ATACCGCCATCTTCAGCAAACCCTGATGAAG	rRNA-MT_RNR1-kmer244
TACCGCCATCTTCAGCAAACCCTGATGAAGG	rRNA-MT_RNR1-kmer245
ACCGCCATCTTCAGCAAACCCTGATGAAGGC	rRNA-MT_RNR1-kmer246
CCGCCATCTTCAGCAAACCCTGATGAAGGCT	rRNA-MT_RNR1-kmer247
CGCCATCTTCAGCAAACCCTGATGAAGGCTA	rRNA-MT_RNR1-kmer248
GCCATCTTCAGCAAACCCTGATGAAGGCTAC	rRNA-MT_RNR1-kmer249
CCATCTTCAGCAAACCCTGATGAAGGCTACA	rRNA-MT_RNR1-kmer250
CATCTTCAGCAAACCCTGATGAAGGCTACAA	rRNA-MT_RNR1-kmer251
ATCTTCAGCAAACCCTGATGAAGGCTACAAA	rRNA-MT_RNR1-kmer252
TCTTCAGCAAACCCTGATGAAGGCTACAAAG	rRNA-MT_RNR1-kmer253
CTTCAGCAAACCCTGATGAAGGCTACAAAGT	rRNA-MT_RNR1-kmer254
TTCAGCAAACCCTGATGAAGGCTACAAAGTA	rRNA-MT_RNR1-kmer255
TCAGCAAACCCTGATGAAGGCTACAAAGTAA	rRNA-MT_RNR1-kmer256
CAGCAAACCCTGATGAAGGCTACAAAGTAAG	rRNA-MT_RNR1-kmer257
GAAATGGGCTACATTTTCTACCCCAGAAAAC	rRNA-MT_RNR1-kmer258
AAATGGGCTACATTTTCTACCCCAGAAAACT	rRNA-MT_RNR1-kmer259
AATGGGCTACATTTTCTACCCCAGAAAACTA	rRNA-MT_RNR1-kmer260
ATGGGCTACATTTTCTACCCCAGAAAACTAC	rRNA-MT_RNR1-kmer261
TGGGCTACATTTTCTACCCCAGAAAACTACG	rRNA-MT_RNR1-kmer262
GGGCTACATTTTCTACCCCAGAAAACTACGA	rRNA-MT_RNR1-kmer263
GGCTACATTTTCTACCCCAGAAAACTACGAT	rRNA-MT_RNR1-kmer264
GCTACATTTTCTACCCCAGAAAACTACGATA	rRNA-MT_RNR1-kmer265
CTACATTTTCTACCCCAGAAAACTACGATAG	rRNA-MT_RNR1-kmer266
TACATTTTCTACCCCAGAAAACTACGATAGC	rRNA-MT_RNR1-kmer267
ACATTTTCTACCCCAGAAAACTACGATAGCC	rRNA-MT_RNR1-kmer268
CATTTTCTACCCCAGAAAACTACGATAGCCC	rRNA-MT_RNR1-kmer269
ATTTTCTACCCCAGAAAACTACGATAGCCCT	rRNA-MT_RNR1-kmer270
TTTTCTACCCCAGAAAACTACGATAGCCCTT	rRNA-MT_RNR1-kmer271
TTTCTACCCCAGAAAACTACGATAGCCCTTA	rRNA-MT_RNR1-kmer272
TTCTACCCCAGAAAACTACGATAGCCCTTAT	rRNA-MT_RNR1-kmer273
TCTACCCCAGAAAACTACGATAGCCCTTATG	rRNA-MT_RNR1-kmer274
CTACCCCAGAAAACTACGATAGCCCTTATGA	rRNA-MT_RNR1-kmer275
TACCCCAGAAAACTACGATAGCCCTTATGAA	rRNA-MT_RNR1-kmer276
ACCCCAGAAAACTACGATAGCCCTTATGAAA	rRNA-MT_RNR1-kmer277
CCCCAGAAAACTACGATAGCCCTTATGAAAC	rRNA-MT_RNR1-kmer278
CCCAGAAAACTACGATAGCCCTTATGAAACT	rRNA-MT_RNR1-kmer279
CCAGAAAACTACGATAGCCCTTATGAAACTT	rRNA-MT_RNR1-kmer280
CAGAAAACTACGATAGCCCTTATGAAACTTA	rRNA-MT_RNR1-kmer281
AGAAAACTACGATAGCCCTTATGAAACTTAA	rRNA-MT_RNR1-kmer282
GAAAACTACGATAGCCCTTATGAAACTTAAG	rRNA-MT_RNR1-kmer283
AAAACTACGATAGCCCTTATGAAACTTAAGG	rRNA-MT_RNR1-kmer284
AAACTACGATAGCCCTTATGAAACTTAAGGG	rRNA-MT_RNR1-kmer285
AACTACGATAGCCCTTATGAAACTTAAGGGT	rRNA-MT_RNR1-kmer286
ACTACGATAGCCCTTATGAAACTTAAGGGTC	rRNA-MT_RNR1-kmer287
CTACGATAGCCCTTATGAAACTTAAGGGTCG	rRNA-MT_RNR1-kmer288
TACGATAGCCCTTATGAAACTTAAGGGTCGA	rRNA-MT_RNR1-kmer289
ACGATAGCCCTTATGAAACTTAAGGGTCGAA	rRNA-MT_RNR1-kmer290
CGATAGCCCTTATGAAACTTAAGGGTCGAAG	rRNA-MT_RNR1-kmer291
GATAGCCCTTATGAAACTTAAGGGTCGAAGG	rRNA-MT_RNR1-kmer292
ATAGCCCTTATGAAACTTAAGGGTCGAAGGT	rRNA-MT_RNR1-kmer293
TAGCCCTTATGAAACTTAAGGGTCGAAGGTG	rRNA-MT_RNR1-kmer294
AGCCCTTATGAAACTTAAGGGTCGAAGGTGG	rRNA-MT_RNR1-kmer295
GCCCTTATGAAACTTAAGGGTCGAAGGTGGA	rRNA-MT_RNR1-kmer296
CCCTTATGAAACTTAAGGGTCGAAGGTGGAT	rRNA-MT_RNR1-kmer297
CCTTATGAAACTTAAGGGTCGAAGGTGGATT	rRNA-MT_RNR1-kmer298
CTTATGAAACTTAAGGGTCGAAGGTGGATTT	rRNA-MT_RNR1-kmer299
TTATGAAACTTAAGGGTCGAAGGTGGATTTA	rRNA-MT_RNR1-kmer300
TATGAAACTTAAGGGTCGAAGGTGGATTTAG	rRNA-MT_RNR1-kmer301
ATGAAACTTAAGGGTCGAAGGTGGATTTAGC	rRNA-MT_RNR1-kmer302
TGAAACTTAAGGGTCGAAGGTGGATTTAGCA	rRNA-MT_RNR1-kmer303
GAAACTTAAGGGTCGAAGGTGGATTTAGCAG	rRNA-MT_RNR1-kmer304
AAACTTAAGGGTCGAAGGTGGATTTAGCAGT	rRNA-MT_RNR1-kmer305
AACTTAAGGGTCGAAGGTGGATTTAGCAGTA	rRNA-MT_RNR1-kmer306
ACTTAAGGGTCGAAGGTGGATTTAGCAGTAA	rRNA-MT_RNR1-kmer307
CTTAAGGGTCGAAGGTGGATTTAGCAGTAAA	rRNA-MT_RNR1-kmer308
TACTTCAAAGGACATTTAACTAAAACCCCTA	rRNA-MT_RNR1-kmer309
ACTTCAAAGGACATTTAACTAAAACCCCTAC	rRNA-MT_RNR1-kmer310
CTTCAAAGGACATTTAACTAAAACCCCTACG	rRNA-MT_RNR1-kmer311
TTCAAAGGACATTTAACTAAAACCCCTACGC	rRNA-MT_RNR1-kmer312
TCAAAGGACATTTAACTAAAACCCCTACGCA	rRNA-MT_RNR1-kmer313
CAAAGGACATTTAACTAAAACCCCTACGCAT	rRNA-MT_RNR1-kmer314
AAAGGACATTTAACTAAAACCCCTACGCATT	rRNA-MT_RNR1-kmer315
AAGGACATTTAACTAAAACCCCTACGCATTT	rRNA-MT_RNR1-kmer316
AGGACATTTAACTAAAACCCCTACGCATTTA	rRNA-MT_RNR1-kmer317
GGACATTTAACTAAAACCCCTACGCATTTAT	rRNA-MT_RNR1-kmer318
GACATTTAACTAAAACCCCTACGCATTTATA	rRNA-MT_RNR1-kmer319
ACATTTAACTAAAACCCCTACGCATTTATAT	rRNA-MT_RNR1-kmer320
CATTTAACTAAAACCCCTACGCATTTATATA	rRNA-MT_RNR1-kmer321
TAAAACCCCTACGCATTTATATAGAGGAGAC	rRNA-MT_RNR1-kmer322
AAAACCCCTACGCATTTATATAGAGGAGACA	rRNA-MT_RNR1-kmer323
AAACCCCTACGCATTTATATAGAGGAGACAA	rRNA-MT_RNR1-kmer324
AACCCCTACGCATTTATATAGAGGAGACAAG	rRNA-MT_RNR1-kmer325
ACCCCTACGCATTTATATAGAGGAGACAAGT	rRNA-MT_RNR1-kmer326
CCCCTACGCATTTATATAGAGGAGACAAGTC	rRNA-MT_RNR1-kmer327
CCCTACGCATTTATATAGAGGAGACAAGTCG	rRNA-MT_RNR1-kmer328
CCTACGCATTTATATAGAGGAGACAAGTCGT	rRNA-MT_RNR1-kmer329
CTACGCATTTATATAGAGGAGACAAGTCGTA	rRNA-MT_RNR1-kmer330
TACGCATTTATATAGAGGAGACAAGTCGTAA	rRNA-MT_RNR1-kmer331
ACGCATTTATATAGAGGAGACAAGTCGTAAC	rRNA-MT_RNR1-kmer332
CGCATTTATATAGAGGAGACAAGTCGTAACA	rRNA-MT_RNR1-kmer333
GCATTTATATAGAGGAGACAAGTCGTAACAT	rRNA-MT_RNR1-kmer334
CATTTATATAGAGGAGACAAGTCGTAACATG	rRNA-MT_RNR1-kmer335
TAGCCCCAAACCCACTCCACCTTACTACCAG	rRNA-MT_RNR2-kmer1
AGCCCCAAACCCACTCCACCTTACTACCAGA	rRNA-MT_RNR2-kmer2
GCCCCAAACCCACTCCACCTTACTACCAGAC	rRNA-MT_RNR2-kmer3
CCCCAAACCCACTCCACCTTACTACCAGACA	rRNA-MT_RNR2-kmer4
CCCAAACCCACTCCACCTTACTACCAGACAA	rRNA-MT_RNR2-kmer5
CCAAACCCACTCCACCTTACTACCAGACAAC	rRNA-MT_RNR2-kmer6
CAAACCCACTCCACCTTACTACCAGACAACC	rRNA-MT_RNR2-kmer7
AAACCCACTCCACCTTACTACCAGACAACCT	rRNA-MT_RNR2-kmer8
AACCCACTCCACCTTACTACCAGACAACCTT	rRNA-MT_RNR2-kmer9
ACCCACTCCACCTTACTACCAGACAACCTTA	rRNA-MT_RNR2-kmer10
CCCACTCCACCTTACTACCAGACAACCTTAG	rRNA-MT_RNR2-kmer11
CCACTCCACCTTACTACCAGACAACCTTAGC	rRNA-MT_RNR2-kmer12
CACTCCACCTTACTACCAGACAACCTTAGCC	rRNA-MT_RNR2-kmer13
ACTCCACCTTACTACCAGACAACCTTAGCCA	rRNA-MT_RNR2-kmer14
CTCCACCTTACTACCAGACAACCTTAGCCAA	rRNA-MT_RNR2-kmer15
TCCACCTTACTACCAGACAACCTTAGCCAAA	rRNA-MT_RNR2-kmer16
CCACCTTACTACCAGACAACCTTAGCCAAAC	rRNA-MT_RNR2-kmer17
CACCTTACTACCAGACAACCTTAGCCAAACC	rRNA-MT_RNR2-kmer18
ACCTTACTACCAGACAACCTTAGCCAAACCA	rRNA-MT_RNR2-kmer19
CCTTACTACCAGACAACCTTAGCCAAACCAT	rRNA-MT_RNR2-kmer20
CTTACTACCAGACAACCTTAGCCAAACCATT	rRNA-MT_RNR2-kmer21
TTACTACCAGACAACCTTAGCCAAACCATTT	rRNA-MT_RNR2-kmer22
TACTACCAGACAACCTTAGCCAAACCATTTA	rRNA-MT_RNR2-kmer23
ACTACCAGACAACCTTAGCCAAACCATTTAC	rRNA-MT_RNR2-kmer24
CTACCAGACAACCTTAGCCAAACCATTTACC	rRNA-MT_RNR2-kmer25
TACCAGACAACCTTAGCCAAACCATTTACCC	rRNA-MT_RNR2-kmer26
ACCAGACAACCTTAGCCAAACCATTTACCCA	rRNA-MT_RNR2-kmer27
CCAGACAACCTTAGCCAAACCATTTACCCAA	rRNA-MT_RNR2-kmer28
CAGACAACCTTAGCCAAACCATTTACCCAAA	rRNA-MT_RNR2-kmer29
AGACAACCTTAGCCAAACCATTTACCCAAAT	rRNA-MT_RNR2-kmer30
GACAACCTTAGCCAAACCATTTACCCAAATA	rRNA-MT_RNR2-kmer31
ACAACCTTAGCCAAACCATTTACCCAAATAA	rRNA-MT_RNR2-kmer32
CAACCTTAGCCAAACCATTTACCCAAATAAA	rRNA-MT_RNR2-kmer33
AACCTTAGCCAAACCATTTACCCAAATAAAG	rRNA-MT_RNR2-kmer34
ACCTTAGCCAAACCATTTACCCAAATAAAGT	rRNA-MT_RNR2-kmer35
CCTTAGCCAAACCATTTACCCAAATAAAGTA	rRNA-MT_RNR2-kmer36
CTTAGCCAAACCATTTACCCAAATAAAGTAT	rRNA-MT_RNR2-kmer37
TTAGCCAAACCATTTACCCAAATAAAGTATA	rRNA-MT_RNR2-kmer38
TAGCCAAACCATTTACCCAAATAAAGTATAG	rRNA-MT_RNR2-kmer39
AGCCAAACCATTTACCCAAATAAAGTATAGG	rRNA-MT_RNR2-kmer40
GCCAAACCATTTACCCAAATAAAGTATAGGC	rRNA-MT_RNR2-kmer41
ACCCAAATAAAGTATAGGCGATAGAAATTGA	rRNA-MT_RNR2-kmer42
CCCAAATAAAGTATAGGCGATAGAAATTGAA	rRNA-MT_RNR2-kmer43
CCAAATAAAGTATAGGCGATAGAAATTGAAA	rRNA-MT_RNR2-kmer44
CAAATAAAGTATAGGCGATAGAAATTGAAAC	rRNA-MT_RNR2-kmer45
AAATAAAGTATAGGCGATAGAAATTGAAACC	rRNA-MT_RNR2-kmer46
AATAAAGTATAGGCGATAGAAATTGAAACCT	rRNA-MT_RNR2-kmer47
ATAAAGTATAGGCGATAGAAATTGAAACCTG	rRNA-MT_RNR2-kmer48
TAAAGTATAGGCGATAGAAATTGAAACCTGG	rRNA-MT_RNR2-kmer49
AAAGTATAGGCGATAGAAATTGAAACCTGGC	rRNA-MT_RNR2-kmer50
AAGTATAGGCGATAGAAATTGAAACCTGGCG	rRNA-MT_RNR2-kmer51
AGTATAGGCGATAGAAATTGAAACCTGGCGC	rRNA-MT_RNR2-kmer52
GTATAGGCGATAGAAATTGAAACCTGGCGCA	rRNA-MT_RNR2-kmer53
TATAGGCGATAGAAATTGAAACCTGGCGCAA	rRNA-MT_RNR2-kmer54
ATAGGCGATAGAAATTGAAACCTGGCGCAAT	rRNA-MT_RNR2-kmer55
TAGGCGATAGAAATTGAAACCTGGCGCAATA	rRNA-MT_RNR2-kmer56
AGGCGATAGAAATTGAAACCTGGCGCAATAG	rRNA-MT_RNR2-kmer57
GGCGATAGAAATTGAAACCTGGCGCAATAGA	rRNA-MT_RNR2-kmer58
GCGATAGAAATTGAAACCTGGCGCAATAGAT	rRNA-MT_RNR2-kmer59
CGATAGAAATTGAAACCTGGCGCAATAGATA	rRNA-MT_RNR2-kmer60
GATAGAAATTGAAACCTGGCGCAATAGATAT	rRNA-MT_RNR2-kmer61
ATAGAAATTGAAACCTGGCGCAATAGATATA	rRNA-MT_RNR2-kmer62
TAGAAATTGAAACCTGGCGCAATAGATATAG	rRNA-MT_RNR2-kmer63
AGAAATTGAAACCTGGCGCAATAGATATAGT	rRNA-MT_RNR2-kmer64
GAAATTGAAACCTGGCGCAATAGATATAGTA	rRNA-MT_RNR2-kmer65
AAATTGAAACCTGGCGCAATAGATATAGTAC	rRNA-MT_RNR2-kmer66
AATTGAAACCTGGCGCAATAGATATAGTACC	rRNA-MT_RNR2-kmer67
ATTGAAACCTGGCGCAATAGATATAGTACCG	rRNA-MT_RNR2-kmer68
TTGAAACCTGGCGCAATAGATATAGTACCGC	rRNA-MT_RNR2-kmer69
TGAAACCTGGCGCAATAGATATAGTACCGCA	rRNA-MT_RNR2-kmer70
GAAACCTGGCGCAATAGATATAGTACCGCAA	rRNA-MT_RNR2-kmer71
AAACCTGGCGCAATAGATATAGTACCGCAAG	rRNA-MT_RNR2-kmer72
AACCTGGCGCAATAGATATAGTACCGCAAGG	rRNA-MT_RNR2-kmer73
ACCTGGCGCAATAGATATAGTACCGCAAGGG	rRNA-MT_RNR2-kmer74
CCTGGCGCAATAGATATAGTACCGCAAGGGA	rRNA-MT_RNR2-kmer75
CTGGCGCAATAGATATAGTACCGCAAGGGAA	rRNA-MT_RNR2-kmer76
CCAAGCATAATATAGCAAGGACTAACCCCTA	rRNA-MT_RNR2-kmer77
CAAGCATAATATAGCAAGGACTAACCCCTAT	rRNA-MT_RNR2-kmer78
AAGCATAATATAGCAAGGACTAACCCCTATA	rRNA-MT_RNR2-kmer79
AGCATAATATAGCAAGGACTAACCCCTATAC	rRNA-MT_RNR2-kmer80
GCATAATATAGCAAGGACTAACCCCTATACC	rRNA-MT_RNR2-kmer81
CATAATATAGCAAGGACTAACCCCTATACCT	rRNA-MT_RNR2-kmer82
ATAATATAGCAAGGACTAACCCCTATACCTT	rRNA-MT_RNR2-kmer83
TAATATAGCAAGGACTAACCCCTATACCTTC	rRNA-MT_RNR2-kmer84
AATATAGCAAGGACTAACCCCTATACCTTCT	rRNA-MT_RNR2-kmer85
ATATAGCAAGGACTAACCCCTATACCTTCTG	rRNA-MT_RNR2-kmer86
TATAGCAAGGACTAACCCCTATACCTTCTGC	rRNA-MT_RNR2-kmer87
ATAGCAAGGACTAACCCCTATACCTTCTGCA	rRNA-MT_RNR2-kmer88
TAGCAAGGACTAACCCCTATACCTTCTGCAT	rRNA-MT_RNR2-kmer89
AGCAAGGACTAACCCCTATACCTTCTGCATA	rRNA-MT_RNR2-kmer90
GCAAGGACTAACCCCTATACCTTCTGCATAA	rRNA-MT_RNR2-kmer91
CAAGGACTAACCCCTATACCTTCTGCATAAT	rRNA-MT_RNR2-kmer92
AAGGACTAACCCCTATACCTTCTGCATAATG	rRNA-MT_RNR2-kmer93
AGGACTAACCCCTATACCTTCTGCATAATGA	rRNA-MT_RNR2-kmer94
GGACTAACCCCTATACCTTCTGCATAATGAA	rRNA-MT_RNR2-kmer95
GACTAACCCCTATACCTTCTGCATAATGAAT	rRNA-MT_RNR2-kmer96
ACTAACCCCTATACCTTCTGCATAATGAATT	rRNA-MT_RNR2-kmer97
CTAACCCCTATACCTTCTGCATAATGAATTA	rRNA-MT_RNR2-kmer98
TAACCCCTATACCTTCTGCATAATGAATTAA	rRNA-MT_RNR2-kmer99
ATAATGAATTAACTAGAAATAACTTTGCAAG	rRNA-MT_RNR2-kmer100
TAATGAATTAACTAGAAATAACTTTGCAAGG	rRNA-MT_RNR2-kmer101
AATGAATTAACTAGAAATAACTTTGCAAGGA	rRNA-MT_RNR2-kmer102
ATGAATTAACTAGAAATAACTTTGCAAGGAG	rRNA-MT_RNR2-kmer103
TGAATTAACTAGAAATAACTTTGCAAGGAGA	rRNA-MT_RNR2-kmer104
GAATTAACTAGAAATAACTTTGCAAGGAGAG	rRNA-MT_RNR2-kmer105
AATTAACTAGAAATAACTTTGCAAGGAGAGC	rRNA-MT_RNR2-kmer106
ATTAACTAGAAATAACTTTGCAAGGAGAGCC	rRNA-MT_RNR2-kmer107
TTAACTAGAAATAACTTTGCAAGGAGAGCCA	rRNA-MT_RNR2-kmer108
TAACTAGAAATAACTTTGCAAGGAGAGCCAA	rRNA-MT_RNR2-kmer109
AACTAGAAATAACTTTGCAAGGAGAGCCAAA	rRNA-MT_RNR2-kmer110
ACTAGAAATAACTTTGCAAGGAGAGCCAAAG	rRNA-MT_RNR2-kmer111
CTAGAAATAACTTTGCAAGGAGAGCCAAAGC	rRNA-MT_RNR2-kmer112
TAGAAATAACTTTGCAAGGAGAGCCAAAGCT	rRNA-MT_RNR2-kmer113
AGAAATAACTTTGCAAGGAGAGCCAAAGCTA	rRNA-MT_RNR2-kmer114
GAAATAACTTTGCAAGGAGAGCCAAAGCTAA	rRNA-MT_RNR2-kmer115
AAATAACTTTGCAAGGAGAGCCAAAGCTAAG	rRNA-MT_RNR2-kmer116
AATAACTTTGCAAGGAGAGCCAAAGCTAAGA	rRNA-MT_RNR2-kmer117
ATAACTTTGCAAGGAGAGCCAAAGCTAAGAC	rRNA-MT_RNR2-kmer118
TAACTTTGCAAGGAGAGCCAAAGCTAAGACC	rRNA-MT_RNR2-kmer119
AACTTTGCAAGGAGAGCCAAAGCTAAGACCC	rRNA-MT_RNR2-kmer120
ACTTTGCAAGGAGAGCCAAAGCTAAGACCCC	rRNA-MT_RNR2-kmer121
CTTTGCAAGGAGAGCCAAAGCTAAGACCCCC	rRNA-MT_RNR2-kmer122
TTTGCAAGGAGAGCCAAAGCTAAGACCCCCG	rRNA-MT_RNR2-kmer123
TTGCAAGGAGAGCCAAAGCTAAGACCCCCGA	rRNA-MT_RNR2-kmer124
TGCAAGGAGAGCCAAAGCTAAGACCCCCGAA	rRNA-MT_RNR2-kmer125
GCAAGGAGAGCCAAAGCTAAGACCCCCGAAA	rRNA-MT_RNR2-kmer126
CAAGGAGAGCCAAAGCTAAGACCCCCGAAAC	rRNA-MT_RNR2-kmer127
AAGGAGAGCCAAAGCTAAGACCCCCGAAACC	rRNA-MT_RNR2-kmer128
AGGAGAGCCAAAGCTAAGACCCCCGAAACCA	rRNA-MT_RNR2-kmer129
GGAGAGCCAAAGCTAAGACCCCCGAAACCAG	rRNA-MT_RNR2-kmer130
GAGAGCCAAAGCTAAGACCCCCGAAACCAGA	rRNA-MT_RNR2-kmer131
AGAGCCAAAGCTAAGACCCCCGAAACCAGAC	rRNA-MT_RNR2-kmer132
GAGCCAAAGCTAAGACCCCCGAAACCAGACG	rRNA-MT_RNR2-kmer133
AGCCAAAGCTAAGACCCCCGAAACCAGACGA	rRNA-MT_RNR2-kmer134
GCCAAAGCTAAGACCCCCGAAACCAGACGAG	rRNA-MT_RNR2-kmer135
GAAGATTTATAGGTAGAGGCGACAAACCTAC	rRNA-MT_RNR2-kmer136
AAGATTTATAGGTAGAGGCGACAAACCTACC	rRNA-MT_RNR2-kmer137
AGATTTATAGGTAGAGGCGACAAACCTACCG	rRNA-MT_RNR2-kmer138
GATTTATAGGTAGAGGCGACAAACCTACCGA	rRNA-MT_RNR2-kmer139
ATTTATAGGTAGAGGCGACAAACCTACCGAG	rRNA-MT_RNR2-kmer140
TTTATAGGTAGAGGCGACAAACCTACCGAGC	rRNA-MT_RNR2-kmer141
TTATAGGTAGAGGCGACAAACCTACCGAGCC	rRNA-MT_RNR2-kmer142
TATAGGTAGAGGCGACAAACCTACCGAGCCT	rRNA-MT_RNR2-kmer143
ATAGGTAGAGGCGACAAACCTACCGAGCCTG	rRNA-MT_RNR2-kmer144
TAGGTAGAGGCGACAAACCTACCGAGCCTGG	rRNA-MT_RNR2-kmer145
AGGTAGAGGCGACAAACCTACCGAGCCTGGT	rRNA-MT_RNR2-kmer146
GGTAGAGGCGACAAACCTACCGAGCCTGGTG	rRNA-MT_RNR2-kmer147
GTAGAGGCGACAAACCTACCGAGCCTGGTGA	rRNA-MT_RNR2-kmer148
TAGAGGCGACAAACCTACCGAGCCTGGTGAT	rRNA-MT_RNR2-kmer149
AGAGGCGACAAACCTACCGAGCCTGGTGATA	rRNA-MT_RNR2-kmer150
GAGGCGACAAACCTACCGAGCCTGGTGATAG	rRNA-MT_RNR2-kmer151
AGGCGACAAACCTACCGAGCCTGGTGATAGC	rRNA-MT_RNR2-kmer152
GGCGACAAACCTACCGAGCCTGGTGATAGCT	rRNA-MT_RNR2-kmer153
GCGACAAACCTACCGAGCCTGGTGATAGCTG	rRNA-MT_RNR2-kmer154
CGACAAACCTACCGAGCCTGGTGATAGCTGG	rRNA-MT_RNR2-kmer155
ATAGAATCTTAGTTCAACTTTAAATTTGCCC	rRNA-MT_RNR2-kmer156
TAGAATCTTAGTTCAACTTTAAATTTGCCCA	rRNA-MT_RNR2-kmer157
AGAATCTTAGTTCAACTTTAAATTTGCCCAC	rRNA-MT_RNR2-kmer158
GAATCTTAGTTCAACTTTAAATTTGCCCACA	rRNA-MT_RNR2-kmer159
AATCTTAGTTCAACTTTAAATTTGCCCACAG	rRNA-MT_RNR2-kmer160
ATCTTAGTTCAACTTTAAATTTGCCCACAGA	rRNA-MT_RNR2-kmer161
TCTTAGTTCAACTTTAAATTTGCCCACAGAA	rRNA-MT_RNR2-kmer162
CTTAGTTCAACTTTAAATTTGCCCACAGAAC	rRNA-MT_RNR2-kmer163
TTAGTTCAACTTTAAATTTGCCCACAGAACC	rRNA-MT_RNR2-kmer164
TAGTTCAACTTTAAATTTGCCCACAGAACCC	rRNA-MT_RNR2-kmer165
AGTTCAACTTTAAATTTGCCCACAGAACCCT	rRNA-MT_RNR2-kmer166
GTTCAACTTTAAATTTGCCCACAGAACCCTC	rRNA-MT_RNR2-kmer167
TTCAACTTTAAATTTGCCCACAGAACCCTCT	rRNA-MT_RNR2-kmer168
TCAACTTTAAATTTGCCCACAGAACCCTCTA	rRNA-MT_RNR2-kmer169
CAACTTTAAATTTGCCCACAGAACCCTCTAA	rRNA-MT_RNR2-kmer170
AACTTTAAATTTGCCCACAGAACCCTCTAAA	rRNA-MT_RNR2-kmer171
ACTTTAAATTTGCCCACAGAACCCTCTAAAT	rRNA-MT_RNR2-kmer172
CTTTAAATTTGCCCACAGAACCCTCTAAATC	rRNA-MT_RNR2-kmer173
TTTAAATTTGCCCACAGAACCCTCTAAATCC	rRNA-MT_RNR2-kmer174
TTAAATTTGCCCACAGAACCCTCTAAATCCC	rRNA-MT_RNR2-kmer175
TAAATTTGCCCACAGAACCCTCTAAATCCCC	rRNA-MT_RNR2-kmer176
AAATTTGCCCACAGAACCCTCTAAATCCCCT	rRNA-MT_RNR2-kmer177
AATTTGCCCACAGAACCCTCTAAATCCCCTT	rRNA-MT_RNR2-kmer178
ATTTGCCCACAGAACCCTCTAAATCCCCTTG	rRNA-MT_RNR2-kmer179
TTTGCCCACAGAACCCTCTAAATCCCCTTGT	rRNA-MT_RNR2-kmer180
TTGCCCACAGAACCCTCTAAATCCCCTTGTA	rRNA-MT_RNR2-kmer181
TGCCCACAGAACCCTCTAAATCCCCTTGTAA	rRNA-MT_RNR2-kmer182
GCCCACAGAACCCTCTAAATCCCCTTGTAAA	rRNA-MT_RNR2-kmer183
CCCACAGAACCCTCTAAATCCCCTTGTAAAT	rRNA-MT_RNR2-kmer184
CCACAGAACCCTCTAAATCCCCTTGTAAATT	rRNA-MT_RNR2-kmer185
CACAGAACCCTCTAAATCCCCTTGTAAATTT	rRNA-MT_RNR2-kmer186
ACAGAACCCTCTAAATCCCCTTGTAAATTTA	rRNA-MT_RNR2-kmer187
CAGAACCCTCTAAATCCCCTTGTAAATTTAA	rRNA-MT_RNR2-kmer188
AGAACCCTCTAAATCCCCTTGTAAATTTAAC	rRNA-MT_RNR2-kmer189
GAACCCTCTAAATCCCCTTGTAAATTTAACT	rRNA-MT_RNR2-kmer190
AACCCTCTAAATCCCCTTGTAAATTTAACTG	rRNA-MT_RNR2-kmer191
ACCCTCTAAATCCCCTTGTAAATTTAACTGT	rRNA-MT_RNR2-kmer192
CCCTCTAAATCCCCTTGTAAATTTAACTGTT	rRNA-MT_RNR2-kmer193
CCTCTAAATCCCCTTGTAAATTTAACTGTTA	rRNA-MT_RNR2-kmer194
CTCTAAATCCCCTTGTAAATTTAACTGTTAG	rRNA-MT_RNR2-kmer195
GCTCTTTGGACACTAGGAAAAAACCTTGTAG	rRNA-MT_RNR2-kmer196
CTCTTTGGACACTAGGAAAAAACCTTGTAGA	rRNA-MT_RNR2-kmer197
TCTTTGGACACTAGGAAAAAACCTTGTAGAG	rRNA-MT_RNR2-kmer198
CTTTGGACACTAGGAAAAAACCTTGTAGAGA	rRNA-MT_RNR2-kmer199
TTTGGACACTAGGAAAAAACCTTGTAGAGAG	rRNA-MT_RNR2-kmer200
TTGGACACTAGGAAAAAACCTTGTAGAGAGA	rRNA-MT_RNR2-kmer201
TGGACACTAGGAAAAAACCTTGTAGAGAGAG	rRNA-MT_RNR2-kmer202
GGACACTAGGAAAAAACCTTGTAGAGAGAGT	rRNA-MT_RNR2-kmer203
GGAAAAAACCTTGTAGAGAGAGTAAAAAATT	rRNA-MT_RNR2-kmer204
GAAAAAACCTTGTAGAGAGAGTAAAAAATTT	rRNA-MT_RNR2-kmer205
AAAAAACCTTGTAGAGAGAGTAAAAAATTTA	rRNA-MT_RNR2-kmer206
AAAAACCTTGTAGAGAGAGTAAAAAATTTAA	rRNA-MT_RNR2-kmer207
AAAACCTTGTAGAGAGAGTAAAAAATTTAAC	rRNA-MT_RNR2-kmer208
AAACCTTGTAGAGAGAGTAAAAAATTTAACA	rRNA-MT_RNR2-kmer209
AACCTTGTAGAGAGAGTAAAAAATTTAACAC	rRNA-MT_RNR2-kmer210
ACCTTGTAGAGAGAGTAAAAAATTTAACACC	rRNA-MT_RNR2-kmer211
CCTTGTAGAGAGAGTAAAAAATTTAACACCC	rRNA-MT_RNR2-kmer212
CTTGTAGAGAGAGTAAAAAATTTAACACCCA	rRNA-MT_RNR2-kmer213
TTGTAGAGAGAGTAAAAAATTTAACACCCAT	rRNA-MT_RNR2-kmer214
TGTAGAGAGAGTAAAAAATTTAACACCCATA	rRNA-MT_RNR2-kmer215
GTAGAGAGAGTAAAAAATTTAACACCCATAG	rRNA-MT_RNR2-kmer216
TAGAGAGAGTAAAAAATTTAACACCCATAGT	rRNA-MT_RNR2-kmer217
AGAGAGAGTAAAAAATTTAACACCCATAGTA	rRNA-MT_RNR2-kmer218
GAGAGAGTAAAAAATTTAACACCCATAGTAG	rRNA-MT_RNR2-kmer219
AGAGAGTAAAAAATTTAACACCCATAGTAGG	rRNA-MT_RNR2-kmer220
GAGAGTAAAAAATTTAACACCCATAGTAGGC	rRNA-MT_RNR2-kmer221
AGAGTAAAAAATTTAACACCCATAGTAGGCC	rRNA-MT_RNR2-kmer222
GAGTAAAAAATTTAACACCCATAGTAGGCCT	rRNA-MT_RNR2-kmer223
AGTAAAAAATTTAACACCCATAGTAGGCCTA	rRNA-MT_RNR2-kmer224
GTAAAAAATTTAACACCCATAGTAGGCCTAA	rRNA-MT_RNR2-kmer225
TAAAAAATTTAACACCCATAGTAGGCCTAAA	rRNA-MT_RNR2-kmer226
AAAAAATTTAACACCCATAGTAGGCCTAAAA	rRNA-MT_RNR2-kmer227
AAAAATTTAACACCCATAGTAGGCCTAAAAG	rRNA-MT_RNR2-kmer228
AAAATTTAACACCCATAGTAGGCCTAAAAGC	rRNA-MT_RNR2-kmer229
AAATTTAACACCCATAGTAGGCCTAAAAGCA	rRNA-MT_RNR2-kmer230
AATTTAACACCCATAGTAGGCCTAAAAGCAG	rRNA-MT_RNR2-kmer231
ATTTAACACCCATAGTAGGCCTAAAAGCAGC	rRNA-MT_RNR2-kmer232
TTTAACACCCATAGTAGGCCTAAAAGCAGCC	rRNA-MT_RNR2-kmer233
TTAACACCCATAGTAGGCCTAAAAGCAGCCA	rRNA-MT_RNR2-kmer234
TAACACCCATAGTAGGCCTAAAAGCAGCCAC	rRNA-MT_RNR2-kmer235
AACACCCATAGTAGGCCTAAAAGCAGCCACC	rRNA-MT_RNR2-kmer236
ACACCCATAGTAGGCCTAAAAGCAGCCACCA	rRNA-MT_RNR2-kmer237
CACCCATAGTAGGCCTAAAAGCAGCCACCAA	rRNA-MT_RNR2-kmer238
ATTAAGAAAGCGTTCAAGCTCAACACCCACT	rRNA-MT_RNR2-kmer239
TTAAGAAAGCGTTCAAGCTCAACACCCACTA	rRNA-MT_RNR2-kmer240
TAAGAAAGCGTTCAAGCTCAACACCCACTAC	rRNA-MT_RNR2-kmer241
AAGAAAGCGTTCAAGCTCAACACCCACTACC	rRNA-MT_RNR2-kmer242
AGAAAGCGTTCAAGCTCAACACCCACTACCT	rRNA-MT_RNR2-kmer243
GAAAGCGTTCAAGCTCAACACCCACTACCTA	rRNA-MT_RNR2-kmer244
AAAGCGTTCAAGCTCAACACCCACTACCTAA	rRNA-MT_RNR2-kmer245
AAGCGTTCAAGCTCAACACCCACTACCTAAA	rRNA-MT_RNR2-kmer246
AGCGTTCAAGCTCAACACCCACTACCTAAAA	rRNA-MT_RNR2-kmer247
GCGTTCAAGCTCAACACCCACTACCTAAAAA	rRNA-MT_RNR2-kmer248
CGTTCAAGCTCAACACCCACTACCTAAAAAA	rRNA-MT_RNR2-kmer249
GTTCAAGCTCAACACCCACTACCTAAAAAAT	rRNA-MT_RNR2-kmer250
TTCAAGCTCAACACCCACTACCTAAAAAATC	rRNA-MT_RNR2-kmer251
TCAAGCTCAACACCCACTACCTAAAAAATCC	rRNA-MT_RNR2-kmer252
CAAGCTCAACACCCACTACCTAAAAAATCCC	rRNA-MT_RNR2-kmer253
AAGCTCAACACCCACTACCTAAAAAATCCCA	rRNA-MT_RNR2-kmer254
AGCTCAACACCCACTACCTAAAAAATCCCAA	rRNA-MT_RNR2-kmer255
GCTCAACACCCACTACCTAAAAAATCCCAAA	rRNA-MT_RNR2-kmer256
CTCAACACCCACTACCTAAAAAATCCCAAAC	rRNA-MT_RNR2-kmer257
TCAACACCCACTACCTAAAAAATCCCAAACA	rRNA-MT_RNR2-kmer258
CAACACCCACTACCTAAAAAATCCCAAACAT	rRNA-MT_RNR2-kmer259
AACACCCACTACCTAAAAAATCCCAAACATA	rRNA-MT_RNR2-kmer260
ACACCCACTACCTAAAAAATCCCAAACATAT	rRNA-MT_RNR2-kmer261
CACCCACTACCTAAAAAATCCCAAACATATA	rRNA-MT_RNR2-kmer262
ACCCACTACCTAAAAAATCCCAAACATATAA	rRNA-MT_RNR2-kmer263
CCCACTACCTAAAAAATCCCAAACATATAAC	rRNA-MT_RNR2-kmer264
CCACTACCTAAAAAATCCCAAACATATAACT	rRNA-MT_RNR2-kmer265
CACTACCTAAAAAATCCCAAACATATAACTG	rRNA-MT_RNR2-kmer266
ACTACCTAAAAAATCCCAAACATATAACTGA	rRNA-MT_RNR2-kmer267
CTACCTAAAAAATCCCAAACATATAACTGAA	rRNA-MT_RNR2-kmer268
TACCTAAAAAATCCCAAACATATAACTGAAC	rRNA-MT_RNR2-kmer269
ACCTAAAAAATCCCAAACATATAACTGAACT	rRNA-MT_RNR2-kmer270
CCTAAAAAATCCCAAACATATAACTGAACTC	rRNA-MT_RNR2-kmer271
CTAAAAAATCCCAAACATATAACTGAACTCC	rRNA-MT_RNR2-kmer272
TAAAAAATCCCAAACATATAACTGAACTCCT	rRNA-MT_RNR2-kmer273
AAAAAATCCCAAACATATAACTGAACTCCTC	rRNA-MT_RNR2-kmer274
AAAAATCCCAAACATATAACTGAACTCCTCA	rRNA-MT_RNR2-kmer275
AAAATCCCAAACATATAACTGAACTCCTCAC	rRNA-MT_RNR2-kmer276
AAATCCCAAACATATAACTGAACTCCTCACA	rRNA-MT_RNR2-kmer277
AATCCCAAACATATAACTGAACTCCTCACAC	rRNA-MT_RNR2-kmer278
ATCCCAAACATATAACTGAACTCCTCACACC	rRNA-MT_RNR2-kmer279
TCCCAAACATATAACTGAACTCCTCACACCC	rRNA-MT_RNR2-kmer280
CCCAAACATATAACTGAACTCCTCACACCCA	rRNA-MT_RNR2-kmer281
CCAAACATATAACTGAACTCCTCACACCCAA	rRNA-MT_RNR2-kmer282
CAAACATATAACTGAACTCCTCACACCCAAT	rRNA-MT_RNR2-kmer283
AAACATATAACTGAACTCCTCACACCCAATT	rRNA-MT_RNR2-kmer284
AACATATAACTGAACTCCTCACACCCAATTG	rRNA-MT_RNR2-kmer285
ACATATAACTGAACTCCTCACACCCAATTGG	rRNA-MT_RNR2-kmer286
CATATAACTGAACTCCTCACACCCAATTGGA	rRNA-MT_RNR2-kmer287
ATATAACTGAACTCCTCACACCCAATTGGAC	rRNA-MT_RNR2-kmer288
TATAACTGAACTCCTCACACCCAATTGGACC	rRNA-MT_RNR2-kmer289
ATAACTGAACTCCTCACACCCAATTGGACCA	rRNA-MT_RNR2-kmer290
TAACTGAACTCCTCACACCCAATTGGACCAA	rRNA-MT_RNR2-kmer291
AACTGAACTCCTCACACCCAATTGGACCAAT	rRNA-MT_RNR2-kmer292
ACTGAACTCCTCACACCCAATTGGACCAATC	rRNA-MT_RNR2-kmer293
CTGAACTCCTCACACCCAATTGGACCAATCT	rRNA-MT_RNR2-kmer294
TGAACTCCTCACACCCAATTGGACCAATCTA	rRNA-MT_RNR2-kmer295
GAACTCCTCACACCCAATTGGACCAATCTAT	rRNA-MT_RNR2-kmer296
AACTCCTCACACCCAATTGGACCAATCTATC	rRNA-MT_RNR2-kmer297
ACTCCTCACACCCAATTGGACCAATCTATCA	rRNA-MT_RNR2-kmer298
CTCCTCACACCCAATTGGACCAATCTATCAC	rRNA-MT_RNR2-kmer299
TCCTCACACCCAATTGGACCAATCTATCACC	rRNA-MT_RNR2-kmer300
CCTCACACCCAATTGGACCAATCTATCACCC	rRNA-MT_RNR2-kmer301
CTCACACCCAATTGGACCAATCTATCACCCT	rRNA-MT_RNR2-kmer302
TCACACCCAATTGGACCAATCTATCACCCTA	rRNA-MT_RNR2-kmer303
CACACCCAATTGGACCAATCTATCACCCTAT	rRNA-MT_RNR2-kmer304
ACACCCAATTGGACCAATCTATCACCCTATA	rRNA-MT_RNR2-kmer305
CACCCAATTGGACCAATCTATCACCCTATAG	rRNA-MT_RNR2-kmer306
ACCCAATTGGACCAATCTATCACCCTATAGA	rRNA-MT_RNR2-kmer307
CCCAATTGGACCAATCTATCACCCTATAGAA	rRNA-MT_RNR2-kmer308
CCAATTGGACCAATCTATCACCCTATAGAAG	rRNA-MT_RNR2-kmer309
CAATTGGACCAATCTATCACCCTATAGAAGA	rRNA-MT_RNR2-kmer310
AATTGGACCAATCTATCACCCTATAGAAGAA	rRNA-MT_RNR2-kmer311
ATTGGACCAATCTATCACCCTATAGAAGAAC	rRNA-MT_RNR2-kmer312
TTGGACCAATCTATCACCCTATAGAAGAACT	rRNA-MT_RNR2-kmer313
TGGACCAATCTATCACCCTATAGAAGAACTA	rRNA-MT_RNR2-kmer314
GGACCAATCTATCACCCTATAGAAGAACTAA	rRNA-MT_RNR2-kmer315
GACCAATCTATCACCCTATAGAAGAACTAAT	rRNA-MT_RNR2-kmer316
ACCAATCTATCACCCTATAGAAGAACTAATG	rRNA-MT_RNR2-kmer317
CCAATCTATCACCCTATAGAAGAACTAATGT	rRNA-MT_RNR2-kmer318
CAATCTATCACCCTATAGAAGAACTAATGTT	rRNA-MT_RNR2-kmer319
AATCTATCACCCTATAGAAGAACTAATGTTA	rRNA-MT_RNR2-kmer320
ATCTATCACCCTATAGAAGAACTAATGTTAG	rRNA-MT_RNR2-kmer321
TCTATCACCCTATAGAAGAACTAATGTTAGT	rRNA-MT_RNR2-kmer322
CTATCACCCTATAGAAGAACTAATGTTAGTA	rRNA-MT_RNR2-kmer323
TATCACCCTATAGAAGAACTAATGTTAGTAT	rRNA-MT_RNR2-kmer324
ATCACCCTATAGAAGAACTAATGTTAGTATA	rRNA-MT_RNR2-kmer325
TCACCCTATAGAAGAACTAATGTTAGTATAA	rRNA-MT_RNR2-kmer326
CACCCTATAGAAGAACTAATGTTAGTATAAG	rRNA-MT_RNR2-kmer327
ACCCTATAGAAGAACTAATGTTAGTATAAGT	rRNA-MT_RNR2-kmer328
CCCTATAGAAGAACTAATGTTAGTATAAGTA	rRNA-MT_RNR2-kmer329
CCTATAGAAGAACTAATGTTAGTATAAGTAA	rRNA-MT_RNR2-kmer330
CTATAGAAGAACTAATGTTAGTATAAGTAAC	rRNA-MT_RNR2-kmer331
ACATGAAAACATTCTCCTCCGCATAAGCCTG	rRNA-MT_RNR2-kmer332
CATGAAAACATTCTCCTCCGCATAAGCCTGC	rRNA-MT_RNR2-kmer333
ATGAAAACATTCTCCTCCGCATAAGCCTGCG	rRNA-MT_RNR2-kmer334
TGAAAACATTCTCCTCCGCATAAGCCTGCGT	rRNA-MT_RNR2-kmer335
GAAAACATTCTCCTCCGCATAAGCCTGCGTC	rRNA-MT_RNR2-kmer336
AAAACATTCTCCTCCGCATAAGCCTGCGTCA	rRNA-MT_RNR2-kmer337
AAACATTCTCCTCCGCATAAGCCTGCGTCAG	rRNA-MT_RNR2-kmer338
AACATTCTCCTCCGCATAAGCCTGCGTCAGA	rRNA-MT_RNR2-kmer339
ACATTCTCCTCCGCATAAGCCTGCGTCAGAT	rRNA-MT_RNR2-kmer340
CATTCTCCTCCGCATAAGCCTGCGTCAGATT	rRNA-MT_RNR2-kmer341
ATTCTCCTCCGCATAAGCCTGCGTCAGATTA	rRNA-MT_RNR2-kmer342
TTCTCCTCCGCATAAGCCTGCGTCAGATTAA	rRNA-MT_RNR2-kmer343
TCTCCTCCGCATAAGCCTGCGTCAGATTAAA	rRNA-MT_RNR2-kmer344
CTCCTCCGCATAAGCCTGCGTCAGATTAAAA	rRNA-MT_RNR2-kmer345
TCCTCCGCATAAGCCTGCGTCAGATTAAAAC	rRNA-MT_RNR2-kmer346
CCTCCGCATAAGCCTGCGTCAGATTAAAACA	rRNA-MT_RNR2-kmer347
CTCCGCATAAGCCTGCGTCAGATTAAAACAC	rRNA-MT_RNR2-kmer348
TCCGCATAAGCCTGCGTCAGATTAAAACACT	rRNA-MT_RNR2-kmer349
CCGCATAAGCCTGCGTCAGATTAAAACACTG	rRNA-MT_RNR2-kmer350
CGCATAAGCCTGCGTCAGATTAAAACACTGA	rRNA-MT_RNR2-kmer351
GCATAAGCCTGCGTCAGATTAAAACACTGAA	rRNA-MT_RNR2-kmer352
CATAAGCCTGCGTCAGATTAAAACACTGAAC	rRNA-MT_RNR2-kmer353
ATAAGCCTGCGTCAGATTAAAACACTGAACT	rRNA-MT_RNR2-kmer354
TAAGCCTGCGTCAGATTAAAACACTGAACTG	rRNA-MT_RNR2-kmer355
AAGCCTGCGTCAGATTAAAACACTGAACTGA	rRNA-MT_RNR2-kmer356
AGCCTGCGTCAGATTAAAACACTGAACTGAC	rRNA-MT_RNR2-kmer357
GCCTGCGTCAGATTAAAACACTGAACTGACA	rRNA-MT_RNR2-kmer358
CCTGCGTCAGATTAAAACACTGAACTGACAA	rRNA-MT_RNR2-kmer359
CTGCGTCAGATTAAAACACTGAACTGACAAT	rRNA-MT_RNR2-kmer360
TGCGTCAGATTAAAACACTGAACTGACAATT	rRNA-MT_RNR2-kmer361
GCGTCAGATTAAAACACTGAACTGACAATTA	rRNA-MT_RNR2-kmer362
CGTCAGATTAAAACACTGAACTGACAATTAA	rRNA-MT_RNR2-kmer363
GTCAGATTAAAACACTGAACTGACAATTAAC	rRNA-MT_RNR2-kmer364
TCAGATTAAAACACTGAACTGACAATTAACA	rRNA-MT_RNR2-kmer365
CAGATTAAAACACTGAACTGACAATTAACAG	rRNA-MT_RNR2-kmer366
AGATTAAAACACTGAACTGACAATTAACAGC	rRNA-MT_RNR2-kmer367
GATTAAAACACTGAACTGACAATTAACAGCC	rRNA-MT_RNR2-kmer368
ATTAAAACACTGAACTGACAATTAACAGCCC	rRNA-MT_RNR2-kmer369
TTAAAACACTGAACTGACAATTAACAGCCCA	rRNA-MT_RNR2-kmer370
TAAAACACTGAACTGACAATTAACAGCCCAA	rRNA-MT_RNR2-kmer371
AAAACACTGAACTGACAATTAACAGCCCAAT	rRNA-MT_RNR2-kmer372
AAACACTGAACTGACAATTAACAGCCCAATA	rRNA-MT_RNR2-kmer373
AACACTGAACTGACAATTAACAGCCCAATAT	rRNA-MT_RNR2-kmer374
ACACTGAACTGACAATTAACAGCCCAATATC	rRNA-MT_RNR2-kmer375
CACTGAACTGACAATTAACAGCCCAATATCT	rRNA-MT_RNR2-kmer376
ACTGAACTGACAATTAACAGCCCAATATCTA	rRNA-MT_RNR2-kmer377
CTGAACTGACAATTAACAGCCCAATATCTAC	rRNA-MT_RNR2-kmer378
TGAACTGACAATTAACAGCCCAATATCTACA	rRNA-MT_RNR2-kmer379
GAACTGACAATTAACAGCCCAATATCTACAA	rRNA-MT_RNR2-kmer380
ACAGCCCAATATCTACAATCAACCAACAAGT	rRNA-MT_RNR2-kmer381
CAGCCCAATATCTACAATCAACCAACAAGTC	rRNA-MT_RNR2-kmer382
AGCCCAATATCTACAATCAACCAACAAGTCA	rRNA-MT_RNR2-kmer383
GCCCAATATCTACAATCAACCAACAAGTCAT	rRNA-MT_RNR2-kmer384
CCCAATATCTACAATCAACCAACAAGTCATT	rRNA-MT_RNR2-kmer385
CCAATATCTACAATCAACCAACAAGTCATTA	rRNA-MT_RNR2-kmer386
CAATATCTACAATCAACCAACAAGTCATTAT	rRNA-MT_RNR2-kmer387
AATATCTACAATCAACCAACAAGTCATTATT	rRNA-MT_RNR2-kmer388
ATATCTACAATCAACCAACAAGTCATTATTA	rRNA-MT_RNR2-kmer389
TATCTACAATCAACCAACAAGTCATTATTAC	rRNA-MT_RNR2-kmer390
ATCTACAATCAACCAACAAGTCATTATTACC	rRNA-MT_RNR2-kmer391
TCTACAATCAACCAACAAGTCATTATTACCC	rRNA-MT_RNR2-kmer392
CTACAATCAACCAACAAGTCATTATTACCCT	rRNA-MT_RNR2-kmer393
TACAATCAACCAACAAGTCATTATTACCCTC	rRNA-MT_RNR2-kmer394
ACAATCAACCAACAAGTCATTATTACCCTCA	rRNA-MT_RNR2-kmer395
CAATCAACCAACAAGTCATTATTACCCTCAC	rRNA-MT_RNR2-kmer396
AATCAACCAACAAGTCATTATTACCCTCACT	rRNA-MT_RNR2-kmer397
ATCAACCAACAAGTCATTATTACCCTCACTG	rRNA-MT_RNR2-kmer398
TCAACCAACAAGTCATTATTACCCTCACTGT	rRNA-MT_RNR2-kmer399
CAACCAACAAGTCATTATTACCCTCACTGTC	rRNA-MT_RNR2-kmer400
AACCAACAAGTCATTATTACCCTCACTGTCA	rRNA-MT_RNR2-kmer401
ACCAACAAGTCATTATTACCCTCACTGTCAA	rRNA-MT_RNR2-kmer402
CCAACAAGTCATTATTACCCTCACTGTCAAC	rRNA-MT_RNR2-kmer403
CAACAAGTCATTATTACCCTCACTGTCAACC	rRNA-MT_RNR2-kmer404
AACAAGTCATTATTACCCTCACTGTCAACCC	rRNA-MT_RNR2-kmer405
ACAAGTCATTATTACCCTCACTGTCAACCCA	rRNA-MT_RNR2-kmer406
CAAGTCATTATTACCCTCACTGTCAACCCAA	rRNA-MT_RNR2-kmer407
AAGTCATTATTACCCTCACTGTCAACCCAAC	rRNA-MT_RNR2-kmer408
AGTCATTATTACCCTCACTGTCAACCCAACA	rRNA-MT_RNR2-kmer409
GTCATTATTACCCTCACTGTCAACCCAACAC	rRNA-MT_RNR2-kmer410
TCATTATTACCCTCACTGTCAACCCAACACA	rRNA-MT_RNR2-kmer411
CATTATTACCCTCACTGTCAACCCAACACAG	rRNA-MT_RNR2-kmer412
ATTATTACCCTCACTGTCAACCCAACACAGG	rRNA-MT_RNR2-kmer413
TTATTACCCTCACTGTCAACCCAACACAGGC	rRNA-MT_RNR2-kmer414
TATTACCCTCACTGTCAACCCAACACAGGCA	rRNA-MT_RNR2-kmer415
ATTACCCTCACTGTCAACCCAACACAGGCAT	rRNA-MT_RNR2-kmer416
TTACCCTCACTGTCAACCCAACACAGGCATG	rRNA-MT_RNR2-kmer417
TACCCTCACTGTCAACCCAACACAGGCATGC	rRNA-MT_RNR2-kmer418
ACCCTCACTGTCAACCCAACACAGGCATGCT	rRNA-MT_RNR2-kmer419
CCCTCACTGTCAACCCAACACAGGCATGCTC	rRNA-MT_RNR2-kmer420
CCTCACTGTCAACCCAACACAGGCATGCTCA	rRNA-MT_RNR2-kmer421
CTCACTGTCAACCCAACACAGGCATGCTCAT	rRNA-MT_RNR2-kmer422
TCACTGTCAACCCAACACAGGCATGCTCATA	rRNA-MT_RNR2-kmer423
CACTGTCAACCCAACACAGGCATGCTCATAA	rRNA-MT_RNR2-kmer424
ACTGTCAACCCAACACAGGCATGCTCATAAG	rRNA-MT_RNR2-kmer425
CTGTCAACCCAACACAGGCATGCTCATAAGG	rRNA-MT_RNR2-kmer426
TGTCAACCCAACACAGGCATGCTCATAAGGA	rRNA-MT_RNR2-kmer427
GTCAACCCAACACAGGCATGCTCATAAGGAA	rRNA-MT_RNR2-kmer428
TCAACCCAACACAGGCATGCTCATAAGGAAA	rRNA-MT_RNR2-kmer429
CAACCCAACACAGGCATGCTCATAAGGAAAG	rRNA-MT_RNR2-kmer430
AACCCAACACAGGCATGCTCATAAGGAAAGG	rRNA-MT_RNR2-kmer431
ACCCAACACAGGCATGCTCATAAGGAAAGGT	rRNA-MT_RNR2-kmer432
CCCAACACAGGCATGCTCATAAGGAAAGGTT	rRNA-MT_RNR2-kmer433
CCAACACAGGCATGCTCATAAGGAAAGGTTA	rRNA-MT_RNR2-kmer434
CAACACAGGCATGCTCATAAGGAAAGGTTAA	rRNA-MT_RNR2-kmer435
AACACAGGCATGCTCATAAGGAAAGGTTAAA	rRNA-MT_RNR2-kmer436
ACACAGGCATGCTCATAAGGAAAGGTTAAAA	rRNA-MT_RNR2-kmer437
CACAGGCATGCTCATAAGGAAAGGTTAAAAA	rRNA-MT_RNR2-kmer438
ACAGGCATGCTCATAAGGAAAGGTTAAAAAA	rRNA-MT_RNR2-kmer439
CAGGCATGCTCATAAGGAAAGGTTAAAAAAA	rRNA-MT_RNR2-kmer440
AGGCATGCTCATAAGGAAAGGTTAAAAAAAG	rRNA-MT_RNR2-kmer441
GGCATGCTCATAAGGAAAGGTTAAAAAAAGT	rRNA-MT_RNR2-kmer442
GCATGCTCATAAGGAAAGGTTAAAAAAAGTA	rRNA-MT_RNR2-kmer443
CATGCTCATAAGGAAAGGTTAAAAAAAGTAA	rRNA-MT_RNR2-kmer444
ATGCTCATAAGGAAAGGTTAAAAAAAGTAAA	rRNA-MT_RNR2-kmer445
TGCTCATAAGGAAAGGTTAAAAAAAGTAAAA	rRNA-MT_RNR2-kmer446
GCTCATAAGGAAAGGTTAAAAAAAGTAAAAG	rRNA-MT_RNR2-kmer447
CTCATAAGGAAAGGTTAAAAAAAGTAAAAGG	rRNA-MT_RNR2-kmer448
TCATAAGGAAAGGTTAAAAAAAGTAAAAGGA	rRNA-MT_RNR2-kmer449
CATAAGGAAAGGTTAAAAAAAGTAAAAGGAA	rRNA-MT_RNR2-kmer450
CCTGTTTACCAAAAACATCACCTCTAGCATC	rRNA-MT_RNR2-kmer451
CTGTTTACCAAAAACATCACCTCTAGCATCA	rRNA-MT_RNR2-kmer452
TGTTTACCAAAAACATCACCTCTAGCATCAC	rRNA-MT_RNR2-kmer453
GTTTACCAAAAACATCACCTCTAGCATCACC	rRNA-MT_RNR2-kmer454
TTTACCAAAAACATCACCTCTAGCATCACCA	rRNA-MT_RNR2-kmer455
TTACCAAAAACATCACCTCTAGCATCACCAG	rRNA-MT_RNR2-kmer456
TACCAAAAACATCACCTCTAGCATCACCAGT	rRNA-MT_RNR2-kmer457
ACCAAAAACATCACCTCTAGCATCACCAGTA	rRNA-MT_RNR2-kmer458
CCAAAAACATCACCTCTAGCATCACCAGTAT	rRNA-MT_RNR2-kmer459
CAAAAACATCACCTCTAGCATCACCAGTATT	rRNA-MT_RNR2-kmer460
AAAAACATCACCTCTAGCATCACCAGTATTA	rRNA-MT_RNR2-kmer461
AAAACATCACCTCTAGCATCACCAGTATTAG	rRNA-MT_RNR2-kmer462
AAACATCACCTCTAGCATCACCAGTATTAGA	rRNA-MT_RNR2-kmer463
AACATCACCTCTAGCATCACCAGTATTAGAG	rRNA-MT_RNR2-kmer464
ACATCACCTCTAGCATCACCAGTATTAGAGG	rRNA-MT_RNR2-kmer465
CATCACCTCTAGCATCACCAGTATTAGAGGC	rRNA-MT_RNR2-kmer466
ATCACCTCTAGCATCACCAGTATTAGAGGCA	rRNA-MT_RNR2-kmer467
TCACCTCTAGCATCACCAGTATTAGAGGCAC	rRNA-MT_RNR2-kmer468
CACCTCTAGCATCACCAGTATTAGAGGCACC	rRNA-MT_RNR2-kmer469
ACCTCTAGCATCACCAGTATTAGAGGCACCG	rRNA-MT_RNR2-kmer470
CCTCTAGCATCACCAGTATTAGAGGCACCGC	rRNA-MT_RNR2-kmer471
CTCTAGCATCACCAGTATTAGAGGCACCGCC	rRNA-MT_RNR2-kmer472
TCTAGCATCACCAGTATTAGAGGCACCGCCT	rRNA-MT_RNR2-kmer473
CTAGCATCACCAGTATTAGAGGCACCGCCTG	rRNA-MT_RNR2-kmer474
TAGCATCACCAGTATTAGAGGCACCGCCTGC	rRNA-MT_RNR2-kmer475
AGCATCACCAGTATTAGAGGCACCGCCTGCC	rRNA-MT_RNR2-kmer476
GCATCACCAGTATTAGAGGCACCGCCTGCCC	rRNA-MT_RNR2-kmer477
CATCACCAGTATTAGAGGCACCGCCTGCCCA	rRNA-MT_RNR2-kmer478
ATCACCAGTATTAGAGGCACCGCCTGCCCAG	rRNA-MT_RNR2-kmer479
AGTATTAGAGGCACCGCCTGCCCAGTGACAC	rRNA-MT_RNR2-kmer480
GTATTAGAGGCACCGCCTGCCCAGTGACACA	rRNA-MT_RNR2-kmer481
TATTAGAGGCACCGCCTGCCCAGTGACACAT	rRNA-MT_RNR2-kmer482
ATTAGAGGCACCGCCTGCCCAGTGACACATG	rRNA-MT_RNR2-kmer483
TTAGAGGCACCGCCTGCCCAGTGACACATGT	rRNA-MT_RNR2-kmer484
TAGAGGCACCGCCTGCCCAGTGACACATGTT	rRNA-MT_RNR2-kmer485
AGAGGCACCGCCTGCCCAGTGACACATGTTT	rRNA-MT_RNR2-kmer486
GAGGCACCGCCTGCCCAGTGACACATGTTTA	rRNA-MT_RNR2-kmer487
AGGCACCGCCTGCCCAGTGACACATGTTTAA	rRNA-MT_RNR2-kmer488
GGCACCGCCTGCCCAGTGACACATGTTTAAC	rRNA-MT_RNR2-kmer489
GCACCGCCTGCCCAGTGACACATGTTTAACG	rRNA-MT_RNR2-kmer490
CACCGCCTGCCCAGTGACACATGTTTAACGG	rRNA-MT_RNR2-kmer491
ACCGCCTGCCCAGTGACACATGTTTAACGGC	rRNA-MT_RNR2-kmer492
CCGCCTGCCCAGTGACACATGTTTAACGGCC	rRNA-MT_RNR2-kmer493
CGCCTGCCCAGTGACACATGTTTAACGGCCG	rRNA-MT_RNR2-kmer494
GCCTGCCCAGTGACACATGTTTAACGGCCGC	rRNA-MT_RNR2-kmer495
CCTGCCCAGTGACACATGTTTAACGGCCGCG	rRNA-MT_RNR2-kmer496
CTGCCCAGTGACACATGTTTAACGGCCGCGG	rRNA-MT_RNR2-kmer497
TGCCCAGTGACACATGTTTAACGGCCGCGGT	rRNA-MT_RNR2-kmer498
GCCCAGTGACACATGTTTAACGGCCGCGGTA	rRNA-MT_RNR2-kmer499
CCCAGTGACACATGTTTAACGGCCGCGGTAC	rRNA-MT_RNR2-kmer500
CCAGTGACACATGTTTAACGGCCGCGGTACC	rRNA-MT_RNR2-kmer501
CAGTGACACATGTTTAACGGCCGCGGTACCC	rRNA-MT_RNR2-kmer502
AGTGACACATGTTTAACGGCCGCGGTACCCT	rRNA-MT_RNR2-kmer503
GTGACACATGTTTAACGGCCGCGGTACCCTA	rRNA-MT_RNR2-kmer504
TGACACATGTTTAACGGCCGCGGTACCCTAA	rRNA-MT_RNR2-kmer505
GACACATGTTTAACGGCCGCGGTACCCTAAC	rRNA-MT_RNR2-kmer506
ACACATGTTTAACGGCCGCGGTACCCTAACC	rRNA-MT_RNR2-kmer507
CACATGTTTAACGGCCGCGGTACCCTAACCG	rRNA-MT_RNR2-kmer508
ACATGTTTAACGGCCGCGGTACCCTAACCGT	rRNA-MT_RNR2-kmer509
CATGTTTAACGGCCGCGGTACCCTAACCGTG	rRNA-MT_RNR2-kmer510
AGCATAATCACTTGTTCCTTAAATAGGGACC	rRNA-MT_RNR2-kmer511
GCATAATCACTTGTTCCTTAAATAGGGACCT	rRNA-MT_RNR2-kmer512
CATAATCACTTGTTCCTTAAATAGGGACCTG	rRNA-MT_RNR2-kmer513
ATAATCACTTGTTCCTTAAATAGGGACCTGT	rRNA-MT_RNR2-kmer514
TAATCACTTGTTCCTTAAATAGGGACCTGTA	rRNA-MT_RNR2-kmer515
AATCACTTGTTCCTTAAATAGGGACCTGTAT	rRNA-MT_RNR2-kmer516
ATCACTTGTTCCTTAAATAGGGACCTGTATG	rRNA-MT_RNR2-kmer517
TCACTTGTTCCTTAAATAGGGACCTGTATGA	rRNA-MT_RNR2-kmer518
CACTTGTTCCTTAAATAGGGACCTGTATGAA	rRNA-MT_RNR2-kmer519
ACTTGTTCCTTAAATAGGGACCTGTATGAAT	rRNA-MT_RNR2-kmer520
CTTGTTCCTTAAATAGGGACCTGTATGAATG	rRNA-MT_RNR2-kmer521
TTGTTCCTTAAATAGGGACCTGTATGAATGG	rRNA-MT_RNR2-kmer522
TGTTCCTTAAATAGGGACCTGTATGAATGGC	rRNA-MT_RNR2-kmer523
GTTCCTTAAATAGGGACCTGTATGAATGGCT	rRNA-MT_RNR2-kmer524
TTCCTTAAATAGGGACCTGTATGAATGGCTC	rRNA-MT_RNR2-kmer525
TCCTTAAATAGGGACCTGTATGAATGGCTCC	rRNA-MT_RNR2-kmer526
CCTTAAATAGGGACCTGTATGAATGGCTCCA	rRNA-MT_RNR2-kmer527
CTTAAATAGGGACCTGTATGAATGGCTCCAC	rRNA-MT_RNR2-kmer528
TTAAATAGGGACCTGTATGAATGGCTCCACG	rRNA-MT_RNR2-kmer529
TAAATAGGGACCTGTATGAATGGCTCCACGA	rRNA-MT_RNR2-kmer530
AAATAGGGACCTGTATGAATGGCTCCACGAG	rRNA-MT_RNR2-kmer531
AATAGGGACCTGTATGAATGGCTCCACGAGG	rRNA-MT_RNR2-kmer532
ATAGGGACCTGTATGAATGGCTCCACGAGGG	rRNA-MT_RNR2-kmer533
TAGGGACCTGTATGAATGGCTCCACGAGGGT	rRNA-MT_RNR2-kmer534
AGGGACCTGTATGAATGGCTCCACGAGGGTT	rRNA-MT_RNR2-kmer535
GGGACCTGTATGAATGGCTCCACGAGGGTTC	rRNA-MT_RNR2-kmer536
GGACCTGTATGAATGGCTCCACGAGGGTTCA	rRNA-MT_RNR2-kmer537
GACCTGTATGAATGGCTCCACGAGGGTTCAG	rRNA-MT_RNR2-kmer538
ACCTGTATGAATGGCTCCACGAGGGTTCAGC	rRNA-MT_RNR2-kmer539
CCTGTATGAATGGCTCCACGAGGGTTCAGCT	rRNA-MT_RNR2-kmer540
CTGTATGAATGGCTCCACGAGGGTTCAGCTG	rRNA-MT_RNR2-kmer541
CTCCACGAGGGTTCAGCTGTCTCTTACTTTT	rRNA-MT_RNR2-kmer542
TCCACGAGGGTTCAGCTGTCTCTTACTTTTA	rRNA-MT_RNR2-kmer543
CCACGAGGGTTCAGCTGTCTCTTACTTTTAA	rRNA-MT_RNR2-kmer544
CACGAGGGTTCAGCTGTCTCTTACTTTTAAC	rRNA-MT_RNR2-kmer545
ACGAGGGTTCAGCTGTCTCTTACTTTTAACC	rRNA-MT_RNR2-kmer546
CGAGGGTTCAGCTGTCTCTTACTTTTAACCA	rRNA-MT_RNR2-kmer547
GAGGGTTCAGCTGTCTCTTACTTTTAACCAG	rRNA-MT_RNR2-kmer548
AGGGTTCAGCTGTCTCTTACTTTTAACCAGT	rRNA-MT_RNR2-kmer549
GGGTTCAGCTGTCTCTTACTTTTAACCAGTG	rRNA-MT_RNR2-kmer550
GGTTCAGCTGTCTCTTACTTTTAACCAGTGA	rRNA-MT_RNR2-kmer551
GTTCAGCTGTCTCTTACTTTTAACCAGTGAA	rRNA-MT_RNR2-kmer552
TTCAGCTGTCTCTTACTTTTAACCAGTGAAA	rRNA-MT_RNR2-kmer553
TCAGCTGTCTCTTACTTTTAACCAGTGAAAT	rRNA-MT_RNR2-kmer554
CAGCTGTCTCTTACTTTTAACCAGTGAAATT	rRNA-MT_RNR2-kmer555
AGCTGTCTCTTACTTTTAACCAGTGAAATTG	rRNA-MT_RNR2-kmer556
GCTGTCTCTTACTTTTAACCAGTGAAATTGA	rRNA-MT_RNR2-kmer557
CTGTCTCTTACTTTTAACCAGTGAAATTGAC	rRNA-MT_RNR2-kmer558
TGTCTCTTACTTTTAACCAGTGAAATTGACC	rRNA-MT_RNR2-kmer559
GTCTCTTACTTTTAACCAGTGAAATTGACCT	rRNA-MT_RNR2-kmer560
TCTCTTACTTTTAACCAGTGAAATTGACCTG	rRNA-MT_RNR2-kmer561
CTCTTACTTTTAACCAGTGAAATTGACCTGC	rRNA-MT_RNR2-kmer562
TCTTACTTTTAACCAGTGAAATTGACCTGCC	rRNA-MT_RNR2-kmer563
CTTACTTTTAACCAGTGAAATTGACCTGCCC	rRNA-MT_RNR2-kmer564
TTACTTTTAACCAGTGAAATTGACCTGCCCG	rRNA-MT_RNR2-kmer565
TACTTTTAACCAGTGAAATTGACCTGCCCGT	rRNA-MT_RNR2-kmer566
ACTTTTAACCAGTGAAATTGACCTGCCCGTG	rRNA-MT_RNR2-kmer567
CTTTTAACCAGTGAAATTGACCTGCCCGTGA	rRNA-MT_RNR2-kmer568
TTTTAACCAGTGAAATTGACCTGCCCGTGAA	rRNA-MT_RNR2-kmer569
TTTAACCAGTGAAATTGACCTGCCCGTGAAG	rRNA-MT_RNR2-kmer570
TTAACCAGTGAAATTGACCTGCCCGTGAAGA	rRNA-MT_RNR2-kmer571
TAACCAGTGAAATTGACCTGCCCGTGAAGAG	rRNA-MT_RNR2-kmer572
AATTGACCTGCCCGTGAAGAGGCGGGCATAA	rRNA-MT_RNR2-kmer573
ATTGACCTGCCCGTGAAGAGGCGGGCATAAC	rRNA-MT_RNR2-kmer574
TTGACCTGCCCGTGAAGAGGCGGGCATAACA	rRNA-MT_RNR2-kmer575
TGACCTGCCCGTGAAGAGGCGGGCATAACAC	rRNA-MT_RNR2-kmer576
GACCTGCCCGTGAAGAGGCGGGCATAACACA	rRNA-MT_RNR2-kmer577
ACCTGCCCGTGAAGAGGCGGGCATAACACAG	rRNA-MT_RNR2-kmer578
CCTGCCCGTGAAGAGGCGGGCATAACACAGC	rRNA-MT_RNR2-kmer579
CTGCCCGTGAAGAGGCGGGCATAACACAGCA	rRNA-MT_RNR2-kmer580
TGCCCGTGAAGAGGCGGGCATAACACAGCAA	rRNA-MT_RNR2-kmer581
GCCCGTGAAGAGGCGGGCATAACACAGCAAG	rRNA-MT_RNR2-kmer582
CCCGTGAAGAGGCGGGCATAACACAGCAAGA	rRNA-MT_RNR2-kmer583
CCGTGAAGAGGCGGGCATAACACAGCAAGAC	rRNA-MT_RNR2-kmer584
CGTGAAGAGGCGGGCATAACACAGCAAGACG	rRNA-MT_RNR2-kmer585
GTGAAGAGGCGGGCATAACACAGCAAGACGA	rRNA-MT_RNR2-kmer586
TGAAGAGGCGGGCATAACACAGCAAGACGAG	rRNA-MT_RNR2-kmer587
GAAGAGGCGGGCATAACACAGCAAGACGAGA	rRNA-MT_RNR2-kmer588
AAGAGGCGGGCATAACACAGCAAGACGAGAA	rRNA-MT_RNR2-kmer589
AGAGGCGGGCATAACACAGCAAGACGAGAAG	rRNA-MT_RNR2-kmer590
GAGGCGGGCATAACACAGCAAGACGAGAAGA	rRNA-MT_RNR2-kmer591
AGGCGGGCATAACACAGCAAGACGAGAAGAC	rRNA-MT_RNR2-kmer592
GGCGGGCATAACACAGCAAGACGAGAAGACC	rRNA-MT_RNR2-kmer593
GCGGGCATAACACAGCAAGACGAGAAGACCC	rRNA-MT_RNR2-kmer594
CGGGCATAACACAGCAAGACGAGAAGACCCT	rRNA-MT_RNR2-kmer595
GGGCATAACACAGCAAGACGAGAAGACCCTA	rRNA-MT_RNR2-kmer596
GGCATAACACAGCAAGACGAGAAGACCCTAT	rRNA-MT_RNR2-kmer597
GCATAACACAGCAAGACGAGAAGACCCTATG	rRNA-MT_RNR2-kmer598
CATAACACAGCAAGACGAGAAGACCCTATGG	rRNA-MT_RNR2-kmer599
ATAACACAGCAAGACGAGAAGACCCTATGGA	rRNA-MT_RNR2-kmer600
TAACACAGCAAGACGAGAAGACCCTATGGAG	rRNA-MT_RNR2-kmer601
AACACAGCAAGACGAGAAGACCCTATGGAGC	rRNA-MT_RNR2-kmer602
ACACAGCAAGACGAGAAGACCCTATGGAGCT	rRNA-MT_RNR2-kmer603
CACAGCAAGACGAGAAGACCCTATGGAGCTT	rRNA-MT_RNR2-kmer604
ACAGCAAGACGAGAAGACCCTATGGAGCTTT	rRNA-MT_RNR2-kmer605
CAGCAAGACGAGAAGACCCTATGGAGCTTTA	rRNA-MT_RNR2-kmer606
AGCAAGACGAGAAGACCCTATGGAGCTTTAA	rRNA-MT_RNR2-kmer607
GCAAGACGAGAAGACCCTATGGAGCTTTAAT	rRNA-MT_RNR2-kmer608
CTATGGAGCTTTAATTTATTAATGCAAACAG	rRNA-MT_RNR2-kmer609
TATGGAGCTTTAATTTATTAATGCAAACAGT	rRNA-MT_RNR2-kmer610
ATGGAGCTTTAATTTATTAATGCAAACAGTA	rRNA-MT_RNR2-kmer611
TGGAGCTTTAATTTATTAATGCAAACAGTAC	rRNA-MT_RNR2-kmer612
GGAGCTTTAATTTATTAATGCAAACAGTACC	rRNA-MT_RNR2-kmer613
GAGCTTTAATTTATTAATGCAAACAGTACCT	rRNA-MT_RNR2-kmer614
AGCTTTAATTTATTAATGCAAACAGTACCTA	rRNA-MT_RNR2-kmer615
GCTTTAATTTATTAATGCAAACAGTACCTAA	rRNA-MT_RNR2-kmer616
CTTTAATTTATTAATGCAAACAGTACCTAAC	rRNA-MT_RNR2-kmer617
TTTAATTTATTAATGCAAACAGTACCTAACA	rRNA-MT_RNR2-kmer618
TTAATTTATTAATGCAAACAGTACCTAACAA	rRNA-MT_RNR2-kmer619
TAATTTATTAATGCAAACAGTACCTAACAAA	rRNA-MT_RNR2-kmer620
AATTTATTAATGCAAACAGTACCTAACAAAC	rRNA-MT_RNR2-kmer621
ATTTATTAATGCAAACAGTACCTAACAAACC	rRNA-MT_RNR2-kmer622
TTTATTAATGCAAACAGTACCTAACAAACCC	rRNA-MT_RNR2-kmer623
TTATTAATGCAAACAGTACCTAACAAACCCA	rRNA-MT_RNR2-kmer624
TATTAATGCAAACAGTACCTAACAAACCCAC	rRNA-MT_RNR2-kmer625
ATTAATGCAAACAGTACCTAACAAACCCACA	rRNA-MT_RNR2-kmer626
TTAATGCAAACAGTACCTAACAAACCCACAG	rRNA-MT_RNR2-kmer627
TAATGCAAACAGTACCTAACAAACCCACAGG	rRNA-MT_RNR2-kmer628
AATGCAAACAGTACCTAACAAACCCACAGGT	rRNA-MT_RNR2-kmer629
ATGCAAACAGTACCTAACAAACCCACAGGTC	rRNA-MT_RNR2-kmer630
TGCAAACAGTACCTAACAAACCCACAGGTCC	rRNA-MT_RNR2-kmer631
GCAAACAGTACCTAACAAACCCACAGGTCCT	rRNA-MT_RNR2-kmer632
CAAACAGTACCTAACAAACCCACAGGTCCTA	rRNA-MT_RNR2-kmer633
AAACAGTACCTAACAAACCCACAGGTCCTAA	rRNA-MT_RNR2-kmer634
AACAGTACCTAACAAACCCACAGGTCCTAAA	rRNA-MT_RNR2-kmer635
ACAGTACCTAACAAACCCACAGGTCCTAAAC	rRNA-MT_RNR2-kmer636
CAGTACCTAACAAACCCACAGGTCCTAAACT	rRNA-MT_RNR2-kmer637
AGTACCTAACAAACCCACAGGTCCTAAACTA	rRNA-MT_RNR2-kmer638
GTACCTAACAAACCCACAGGTCCTAAACTAC	rRNA-MT_RNR2-kmer639
TACCTAACAAACCCACAGGTCCTAAACTACC	rRNA-MT_RNR2-kmer640
ACCTAACAAACCCACAGGTCCTAAACTACCA	rRNA-MT_RNR2-kmer641
CCTAACAAACCCACAGGTCCTAAACTACCAA	rRNA-MT_RNR2-kmer642
CTAACAAACCCACAGGTCCTAAACTACCAAA	rRNA-MT_RNR2-kmer643
TAACAAACCCACAGGTCCTAAACTACCAAAC	rRNA-MT_RNR2-kmer644
AACAAACCCACAGGTCCTAAACTACCAAACC	rRNA-MT_RNR2-kmer645
ACAAACCCACAGGTCCTAAACTACCAAACCT	rRNA-MT_RNR2-kmer646
CAAACCCACAGGTCCTAAACTACCAAACCTG	rRNA-MT_RNR2-kmer647
AAACCCACAGGTCCTAAACTACCAAACCTGC	rRNA-MT_RNR2-kmer648
AACCCACAGGTCCTAAACTACCAAACCTGCA	rRNA-MT_RNR2-kmer649
ACCCACAGGTCCTAAACTACCAAACCTGCAT	rRNA-MT_RNR2-kmer650
CCCACAGGTCCTAAACTACCAAACCTGCATT	rRNA-MT_RNR2-kmer651
CCACAGGTCCTAAACTACCAAACCTGCATTA	rRNA-MT_RNR2-kmer652
CACAGGTCCTAAACTACCAAACCTGCATTAA	rRNA-MT_RNR2-kmer653
ACAGGTCCTAAACTACCAAACCTGCATTAAA	rRNA-MT_RNR2-kmer654
CAGGTCCTAAACTACCAAACCTGCATTAAAA	rRNA-MT_RNR2-kmer655
AGGTCCTAAACTACCAAACCTGCATTAAAAA	rRNA-MT_RNR2-kmer656
GGTCCTAAACTACCAAACCTGCATTAAAAAT	rRNA-MT_RNR2-kmer657
GTCCTAAACTACCAAACCTGCATTAAAAATT	rRNA-MT_RNR2-kmer658
TCCTAAACTACCAAACCTGCATTAAAAATTT	rRNA-MT_RNR2-kmer659
CCTAAACTACCAAACCTGCATTAAAAATTTC	rRNA-MT_RNR2-kmer660
CTAAACTACCAAACCTGCATTAAAAATTTCG	rRNA-MT_RNR2-kmer661
TAAACTACCAAACCTGCATTAAAAATTTCGG	rRNA-MT_RNR2-kmer662
AAACTACCAAACCTGCATTAAAAATTTCGGT	rRNA-MT_RNR2-kmer663
AACTACCAAACCTGCATTAAAAATTTCGGTT	rRNA-MT_RNR2-kmer664
ACTACCAAACCTGCATTAAAAATTTCGGTTG	rRNA-MT_RNR2-kmer665
CTACCAAACCTGCATTAAAAATTTCGGTTGG	rRNA-MT_RNR2-kmer666
TACCAAACCTGCATTAAAAATTTCGGTTGGG	rRNA-MT_RNR2-kmer667
ACCAAACCTGCATTAAAAATTTCGGTTGGGG	rRNA-MT_RNR2-kmer668
CCAAACCTGCATTAAAAATTTCGGTTGGGGC	rRNA-MT_RNR2-kmer669
CAAACCTGCATTAAAAATTTCGGTTGGGGCG	rRNA-MT_RNR2-kmer670
AAACCTGCATTAAAAATTTCGGTTGGGGCGA	rRNA-MT_RNR2-kmer671
AACCTGCATTAAAAATTTCGGTTGGGGCGAC	rRNA-MT_RNR2-kmer672
TTAAAAATTTCGGTTGGGGCGACCTCGGAGC	rRNA-MT_RNR2-kmer673
TAAAAATTTCGGTTGGGGCGACCTCGGAGCA	rRNA-MT_RNR2-kmer674
AAAAATTTCGGTTGGGGCGACCTCGGAGCAG	rRNA-MT_RNR2-kmer675
AAAATTTCGGTTGGGGCGACCTCGGAGCAGA	rRNA-MT_RNR2-kmer676
AAATTTCGGTTGGGGCGACCTCGGAGCAGAA	rRNA-MT_RNR2-kmer677
AATTTCGGTTGGGGCGACCTCGGAGCAGAAC	rRNA-MT_RNR2-kmer678
ATTTCGGTTGGGGCGACCTCGGAGCAGAACC	rRNA-MT_RNR2-kmer679
TTTCGGTTGGGGCGACCTCGGAGCAGAACCC	rRNA-MT_RNR2-kmer680
TTCGGTTGGGGCGACCTCGGAGCAGAACCCA	rRNA-MT_RNR2-kmer681
TCGGTTGGGGCGACCTCGGAGCAGAACCCAA	rRNA-MT_RNR2-kmer682
CGGTTGGGGCGACCTCGGAGCAGAACCCAAC	rRNA-MT_RNR2-kmer683
GGTTGGGGCGACCTCGGAGCAGAACCCAACC	rRNA-MT_RNR2-kmer684
GTTGGGGCGACCTCGGAGCAGAACCCAACCT	rRNA-MT_RNR2-kmer685
TTGGGGCGACCTCGGAGCAGAACCCAACCTC	rRNA-MT_RNR2-kmer686
TGGGGCGACCTCGGAGCAGAACCCAACCTCC	rRNA-MT_RNR2-kmer687
GGGGCGACCTCGGAGCAGAACCCAACCTCCG	rRNA-MT_RNR2-kmer688
GGGCGACCTCGGAGCAGAACCCAACCTCCGA	rRNA-MT_RNR2-kmer689
GGCGACCTCGGAGCAGAACCCAACCTCCGAG	rRNA-MT_RNR2-kmer690
GCGACCTCGGAGCAGAACCCAACCTCCGAGC	rRNA-MT_RNR2-kmer691
CGACCTCGGAGCAGAACCCAACCTCCGAGCA	rRNA-MT_RNR2-kmer692
GACCTCGGAGCAGAACCCAACCTCCGAGCAG	rRNA-MT_RNR2-kmer693
ACCTCGGAGCAGAACCCAACCTCCGAGCAGT	rRNA-MT_RNR2-kmer694
CCTCGGAGCAGAACCCAACCTCCGAGCAGTA	rRNA-MT_RNR2-kmer695
CTCGGAGCAGAACCCAACCTCCGAGCAGTAC	rRNA-MT_RNR2-kmer696
TCGGAGCAGAACCCAACCTCCGAGCAGTACA	rRNA-MT_RNR2-kmer697
CGGAGCAGAACCCAACCTCCGAGCAGTACAT	rRNA-MT_RNR2-kmer698
GGAGCAGAACCCAACCTCCGAGCAGTACATG	rRNA-MT_RNR2-kmer699
GAGCAGAACCCAACCTCCGAGCAGTACATGC	rRNA-MT_RNR2-kmer700
AGCAGAACCCAACCTCCGAGCAGTACATGCT	rRNA-MT_RNR2-kmer701
GCAGAACCCAACCTCCGAGCAGTACATGCTA	rRNA-MT_RNR2-kmer702
CAGAACCCAACCTCCGAGCAGTACATGCTAA	rRNA-MT_RNR2-kmer703
AGAACCCAACCTCCGAGCAGTACATGCTAAG	rRNA-MT_RNR2-kmer704
GAACCCAACCTCCGAGCAGTACATGCTAAGA	rRNA-MT_RNR2-kmer705
AACCCAACCTCCGAGCAGTACATGCTAAGAC	rRNA-MT_RNR2-kmer706
ACCCAACCTCCGAGCAGTACATGCTAAGACT	rRNA-MT_RNR2-kmer707
CCCAACCTCCGAGCAGTACATGCTAAGACTT	rRNA-MT_RNR2-kmer708
CCAACCTCCGAGCAGTACATGCTAAGACTTC	rRNA-MT_RNR2-kmer709
CAACCTCCGAGCAGTACATGCTAAGACTTCA	rRNA-MT_RNR2-kmer710
AACCTCCGAGCAGTACATGCTAAGACTTCAC	rRNA-MT_RNR2-kmer711
ACCTCCGAGCAGTACATGCTAAGACTTCACC	rRNA-MT_RNR2-kmer712
CCTCCGAGCAGTACATGCTAAGACTTCACCA	rRNA-MT_RNR2-kmer713
CTCCGAGCAGTACATGCTAAGACTTCACCAG	rRNA-MT_RNR2-kmer714
TCCGAGCAGTACATGCTAAGACTTCACCAGT	rRNA-MT_RNR2-kmer715
CCGAGCAGTACATGCTAAGACTTCACCAGTC	rRNA-MT_RNR2-kmer716
CGAGCAGTACATGCTAAGACTTCACCAGTCA	rRNA-MT_RNR2-kmer717
GAGCAGTACATGCTAAGACTTCACCAGTCAA	rRNA-MT_RNR2-kmer718
AGCAGTACATGCTAAGACTTCACCAGTCAAA	rRNA-MT_RNR2-kmer719
GCAGTACATGCTAAGACTTCACCAGTCAAAG	rRNA-MT_RNR2-kmer720
CAGTACATGCTAAGACTTCACCAGTCAAAGC	rRNA-MT_RNR2-kmer721
AGTACATGCTAAGACTTCACCAGTCAAAGCG	rRNA-MT_RNR2-kmer722
GTACATGCTAAGACTTCACCAGTCAAAGCGA	rRNA-MT_RNR2-kmer723
TACATGCTAAGACTTCACCAGTCAAAGCGAA	rRNA-MT_RNR2-kmer724
ACATGCTAAGACTTCACCAGTCAAAGCGAAC	rRNA-MT_RNR2-kmer725
CATGCTAAGACTTCACCAGTCAAAGCGAACT	rRNA-MT_RNR2-kmer726
ATGCTAAGACTTCACCAGTCAAAGCGAACTA	rRNA-MT_RNR2-kmer727
TGCTAAGACTTCACCAGTCAAAGCGAACTAC	rRNA-MT_RNR2-kmer728
GCTAAGACTTCACCAGTCAAAGCGAACTACT	rRNA-MT_RNR2-kmer729
CTAAGACTTCACCAGTCAAAGCGAACTACTA	rRNA-MT_RNR2-kmer730
TAAGACTTCACCAGTCAAAGCGAACTACTAT	rRNA-MT_RNR2-kmer731
AAGACTTCACCAGTCAAAGCGAACTACTATA	rRNA-MT_RNR2-kmer732
AGACTTCACCAGTCAAAGCGAACTACTATAC	rRNA-MT_RNR2-kmer733
GACTTCACCAGTCAAAGCGAACTACTATACT	rRNA-MT_RNR2-kmer734
ACTTCACCAGTCAAAGCGAACTACTATACTC	rRNA-MT_RNR2-kmer735
CTTCACCAGTCAAAGCGAACTACTATACTCA	rRNA-MT_RNR2-kmer736
TTCACCAGTCAAAGCGAACTACTATACTCAA	rRNA-MT_RNR2-kmer737
TCACCAGTCAAAGCGAACTACTATACTCAAT	rRNA-MT_RNR2-kmer738
CACCAGTCAAAGCGAACTACTATACTCAATT	rRNA-MT_RNR2-kmer739
ACCAGTCAAAGCGAACTACTATACTCAATTG	rRNA-MT_RNR2-kmer740
CCAGTCAAAGCGAACTACTATACTCAATTGA	rRNA-MT_RNR2-kmer741
CAGTCAAAGCGAACTACTATACTCAATTGAT	rRNA-MT_RNR2-kmer742
AGTCAAAGCGAACTACTATACTCAATTGATC	rRNA-MT_RNR2-kmer743
GTCAAAGCGAACTACTATACTCAATTGATCC	rRNA-MT_RNR2-kmer744
TCAAAGCGAACTACTATACTCAATTGATCCA	rRNA-MT_RNR2-kmer745
CAAAGCGAACTACTATACTCAATTGATCCAA	rRNA-MT_RNR2-kmer746
AAAGCGAACTACTATACTCAATTGATCCAAT	rRNA-MT_RNR2-kmer747
AAGCGAACTACTATACTCAATTGATCCAATA	rRNA-MT_RNR2-kmer748
AGCGAACTACTATACTCAATTGATCCAATAA	rRNA-MT_RNR2-kmer749
GCGAACTACTATACTCAATTGATCCAATAAC	rRNA-MT_RNR2-kmer750
CGAACTACTATACTCAATTGATCCAATAACT	rRNA-MT_RNR2-kmer751
GAACTACTATACTCAATTGATCCAATAACTT	rRNA-MT_RNR2-kmer752
AACTACTATACTCAATTGATCCAATAACTTG	rRNA-MT_RNR2-kmer753
ACTACTATACTCAATTGATCCAATAACTTGA	rRNA-MT_RNR2-kmer754
CTACTATACTCAATTGATCCAATAACTTGAC	rRNA-MT_RNR2-kmer755
TACTATACTCAATTGATCCAATAACTTGACC	rRNA-MT_RNR2-kmer756
ACTATACTCAATTGATCCAATAACTTGACCA	rRNA-MT_RNR2-kmer757
CTATACTCAATTGATCCAATAACTTGACCAA	rRNA-MT_RNR2-kmer758
TATACTCAATTGATCCAATAACTTGACCAAC	rRNA-MT_RNR2-kmer759
ATACTCAATTGATCCAATAACTTGACCAACG	rRNA-MT_RNR2-kmer760
TACTCAATTGATCCAATAACTTGACCAACGG	rRNA-MT_RNR2-kmer761
ACTCAATTGATCCAATAACTTGACCAACGGA	rRNA-MT_RNR2-kmer762
CTCAATTGATCCAATAACTTGACCAACGGAA	rRNA-MT_RNR2-kmer763
TCAATTGATCCAATAACTTGACCAACGGAAC	rRNA-MT_RNR2-kmer764
CAATTGATCCAATAACTTGACCAACGGAACA	rRNA-MT_RNR2-kmer765
TCTAGAGTCCATATCAACAATAGGGTTTACG	rRNA-MT_RNR2-kmer766
CTAGAGTCCATATCAACAATAGGGTTTACGA	rRNA-MT_RNR2-kmer767
TAGAGTCCATATCAACAATAGGGTTTACGAC	rRNA-MT_RNR2-kmer768
AGAGTCCATATCAACAATAGGGTTTACGACC	rRNA-MT_RNR2-kmer769
GAGTCCATATCAACAATAGGGTTTACGACCT	rRNA-MT_RNR2-kmer770
AGTCCATATCAACAATAGGGTTTACGACCTC	rRNA-MT_RNR2-kmer771
GTCCATATCAACAATAGGGTTTACGACCTCG	rRNA-MT_RNR2-kmer772
TCCATATCAACAATAGGGTTTACGACCTCGA	rRNA-MT_RNR2-kmer773
CCATATCAACAATAGGGTTTACGACCTCGAT	rRNA-MT_RNR2-kmer774
CATATCAACAATAGGGTTTACGACCTCGATG	rRNA-MT_RNR2-kmer775
ATATCAACAATAGGGTTTACGACCTCGATGT	rRNA-MT_RNR2-kmer776
TATCAACAATAGGGTTTACGACCTCGATGTT	rRNA-MT_RNR2-kmer777
ATCAACAATAGGGTTTACGACCTCGATGTTG	rRNA-MT_RNR2-kmer778
TCAACAATAGGGTTTACGACCTCGATGTTGG	rRNA-MT_RNR2-kmer779
CAACAATAGGGTTTACGACCTCGATGTTGGA	rRNA-MT_RNR2-kmer780
AACAATAGGGTTTACGACCTCGATGTTGGAT	rRNA-MT_RNR2-kmer781
TTACGACCTCGATGTTGGATCAGGACATCCC	rRNA-MT_RNR2-kmer782
TACGACCTCGATGTTGGATCAGGACATCCCG	rRNA-MT_RNR2-kmer783
ACGACCTCGATGTTGGATCAGGACATCCCGA	rRNA-MT_RNR2-kmer784
CGACCTCGATGTTGGATCAGGACATCCCGAT	rRNA-MT_RNR2-kmer785
GACCTCGATGTTGGATCAGGACATCCCGATG	rRNA-MT_RNR2-kmer786
ACCTCGATGTTGGATCAGGACATCCCGATGG	rRNA-MT_RNR2-kmer787
CCTCGATGTTGGATCAGGACATCCCGATGGT	rRNA-MT_RNR2-kmer788
CTCGATGTTGGATCAGGACATCCCGATGGTG	rRNA-MT_RNR2-kmer789
TCGATGTTGGATCAGGACATCCCGATGGTGC	rRNA-MT_RNR2-kmer790
CGATGTTGGATCAGGACATCCCGATGGTGCA	rRNA-MT_RNR2-kmer791
GATGTTGGATCAGGACATCCCGATGGTGCAG	rRNA-MT_RNR2-kmer792
ATGTTGGATCAGGACATCCCGATGGTGCAGC	rRNA-MT_RNR2-kmer793
TGTTGGATCAGGACATCCCGATGGTGCAGCC	rRNA-MT_RNR2-kmer794
GTTGGATCAGGACATCCCGATGGTGCAGCCG	rRNA-MT_RNR2-kmer795
TTGGATCAGGACATCCCGATGGTGCAGCCGC	rRNA-MT_RNR2-kmer796
TGGATCAGGACATCCCGATGGTGCAGCCGCT	rRNA-MT_RNR2-kmer797
GGATCAGGACATCCCGATGGTGCAGCCGCTA	rRNA-MT_RNR2-kmer798
GATCAGGACATCCCGATGGTGCAGCCGCTAT	rRNA-MT_RNR2-kmer799
ATCAGGACATCCCGATGGTGCAGCCGCTATT	rRNA-MT_RNR2-kmer800
TCAGGACATCCCGATGGTGCAGCCGCTATTA	rRNA-MT_RNR2-kmer801
CAGGACATCCCGATGGTGCAGCCGCTATTAA	rRNA-MT_RNR2-kmer802
AGGACATCCCGATGGTGCAGCCGCTATTAAA	rRNA-MT_RNR2-kmer803
GGACATCCCGATGGTGCAGCCGCTATTAAAG	rRNA-MT_RNR2-kmer804
GACATCCCGATGGTGCAGCCGCTATTAAAGG	rRNA-MT_RNR2-kmer805
ACATCCCGATGGTGCAGCCGCTATTAAAGGT	rRNA-MT_RNR2-kmer806
CATCCCGATGGTGCAGCCGCTATTAAAGGTT	rRNA-MT_RNR2-kmer807
ATCCCGATGGTGCAGCCGCTATTAAAGGTTC	rRNA-MT_RNR2-kmer808
TCCCGATGGTGCAGCCGCTATTAAAGGTTCG	rRNA-MT_RNR2-kmer809
CCCGATGGTGCAGCCGCTATTAAAGGTTCGT	rRNA-MT_RNR2-kmer810
CCGATGGTGCAGCCGCTATTAAAGGTTCGTT	rRNA-MT_RNR2-kmer811
CGATGGTGCAGCCGCTATTAAAGGTTCGTTT	rRNA-MT_RNR2-kmer812
GATGGTGCAGCCGCTATTAAAGGTTCGTTTG	rRNA-MT_RNR2-kmer813
GCTATTAAAGGTTCGTTTGTTCAACGATTAA	rRNA-MT_RNR2-kmer814
CTATTAAAGGTTCGTTTGTTCAACGATTAAA	rRNA-MT_RNR2-kmer815
TATTAAAGGTTCGTTTGTTCAACGATTAAAG	rRNA-MT_RNR2-kmer816
ATTAAAGGTTCGTTTGTTCAACGATTAAAGT	rRNA-MT_RNR2-kmer817
TTAAAGGTTCGTTTGTTCAACGATTAAAGTC	rRNA-MT_RNR2-kmer818
TAAAGGTTCGTTTGTTCAACGATTAAAGTCC	rRNA-MT_RNR2-kmer819
AAAGGTTCGTTTGTTCAACGATTAAAGTCCT	rRNA-MT_RNR2-kmer820
AAGGTTCGTTTGTTCAACGATTAAAGTCCTA	rRNA-MT_RNR2-kmer821
AGGTTCGTTTGTTCAACGATTAAAGTCCTAC	rRNA-MT_RNR2-kmer822
GGTTCGTTTGTTCAACGATTAAAGTCCTACG	rRNA-MT_RNR2-kmer823
GTTCGTTTGTTCAACGATTAAAGTCCTACGT	rRNA-MT_RNR2-kmer824
TTCGTTTGTTCAACGATTAAAGTCCTACGTG	rRNA-MT_RNR2-kmer825
TCGTTTGTTCAACGATTAAAGTCCTACGTGA	rRNA-MT_RNR2-kmer826
CGTTTGTTCAACGATTAAAGTCCTACGTGAT	rRNA-MT_RNR2-kmer827
CGATTAAAGTCCTACGTGATCTGAGTTCAGA	rRNA-MT_RNR2-kmer828
AGTCCTACGTGATCTGAGTTCAGACCGGAGT	rRNA-MT_RNR2-kmer829
GTCCTACGTGATCTGAGTTCAGACCGGAGTA	rRNA-MT_RNR2-kmer830
TCCTACGTGATCTGAGTTCAGACCGGAGTAA	rRNA-MT_RNR2-kmer831
CCTACGTGATCTGAGTTCAGACCGGAGTAAT	rRNA-MT_RNR2-kmer832
CTACGTGATCTGAGTTCAGACCGGAGTAATC	rRNA-MT_RNR2-kmer833
TACGTGATCTGAGTTCAGACCGGAGTAATCC	rRNA-MT_RNR2-kmer834
ACGTGATCTGAGTTCAGACCGGAGTAATCCA	rRNA-MT_RNR2-kmer835
CGTGATCTGAGTTCAGACCGGAGTAATCCAG	rRNA-MT_RNR2-kmer836
ATCTGAGTTCAGACCGGAGTAATCCAGGTCG	rRNA-MT_RNR2-kmer837
TCTGAGTTCAGACCGGAGTAATCCAGGTCGG	rRNA-MT_RNR2-kmer838
CTGAGTTCAGACCGGAGTAATCCAGGTCGGT	rRNA-MT_RNR2-kmer839
TGAGTTCAGACCGGAGTAATCCAGGTCGGTT	rRNA-MT_RNR2-kmer840
GAGTTCAGACCGGAGTAATCCAGGTCGGTTT	rRNA-MT_RNR2-kmer841
AGTTCAGACCGGAGTAATCCAGGTCGGTTTC	rRNA-MT_RNR2-kmer842
GTTCAGACCGGAGTAATCCAGGTCGGTTTCT	rRNA-MT_RNR2-kmer843
TTCAGACCGGAGTAATCCAGGTCGGTTTCTA	rRNA-MT_RNR2-kmer844
TCAGACCGGAGTAATCCAGGTCGGTTTCTAT	rRNA-MT_RNR2-kmer845
CAGACCGGAGTAATCCAGGTCGGTTTCTATC	rRNA-MT_RNR2-kmer846
AGACCGGAGTAATCCAGGTCGGTTTCTATCT	rRNA-MT_RNR2-kmer847
GACCGGAGTAATCCAGGTCGGTTTCTATCTA	rRNA-MT_RNR2-kmer848
ACCGGAGTAATCCAGGTCGGTTTCTATCTAC	rRNA-MT_RNR2-kmer849
TTCAAATTCCTCCCTGTACGAAAGGACAAGA	rRNA-MT_RNR2-kmer850
TCAAATTCCTCCCTGTACGAAAGGACAAGAG	rRNA-MT_RNR2-kmer851
CAAATTCCTCCCTGTACGAAAGGACAAGAGA	rRNA-MT_RNR2-kmer852
AAATTCCTCCCTGTACGAAAGGACAAGAGAA	rRNA-MT_RNR2-kmer853
AATTCCTCCCTGTACGAAAGGACAAGAGAAA	rRNA-MT_RNR2-kmer854
ATTCCTCCCTGTACGAAAGGACAAGAGAAAT	rRNA-MT_RNR2-kmer855
TTCCTCCCTGTACGAAAGGACAAGAGAAATA	rRNA-MT_RNR2-kmer856
TCCTCCCTGTACGAAAGGACAAGAGAAATAA	rRNA-MT_RNR2-kmer857
CCTCCCTGTACGAAAGGACAAGAGAAATAAG	rRNA-MT_RNR2-kmer858
CTCCCTGTACGAAAGGACAAGAGAAATAAGG	rRNA-MT_RNR2-kmer859
TCCCTGTACGAAAGGACAAGAGAAATAAGGC	rRNA-MT_RNR2-kmer860
CCCTGTACGAAAGGACAAGAGAAATAAGGCC	rRNA-MT_RNR2-kmer861
CCTGTACGAAAGGACAAGAGAAATAAGGCCT	rRNA-MT_RNR2-kmer862
CTGTACGAAAGGACAAGAGAAATAAGGCCTA	rRNA-MT_RNR2-kmer863
TGTACGAAAGGACAAGAGAAATAAGGCCTAC	rRNA-MT_RNR2-kmer864
GTACGAAAGGACAAGAGAAATAAGGCCTACT	rRNA-MT_RNR2-kmer865
TACGAAAGGACAAGAGAAATAAGGCCTACTT	rRNA-MT_RNR2-kmer866
ACGAAAGGACAAGAGAAATAAGGCCTACTTC	rRNA-MT_RNR2-kmer867
CGAAAGGACAAGAGAAATAAGGCCTACTTCA	rRNA-MT_RNR2-kmer868
GAAAGGACAAGAGAAATAAGGCCTACTTCAC	rRNA-MT_RNR2-kmer869
AAAGGACAAGAGAAATAAGGCCTACTTCACA	rRNA-MT_RNR2-kmer870
AAGGACAAGAGAAATAAGGCCTACTTCACAA	rRNA-MT_RNR2-kmer871
AGGACAAGAGAAATAAGGCCTACTTCACAAA	rRNA-MT_RNR2-kmer872
GGACAAGAGAAATAAGGCCTACTTCACAAAG	rRNA-MT_RNR2-kmer873
GACAAGAGAAATAAGGCCTACTTCACAAAGC	rRNA-MT_RNR2-kmer874
ACAAGAGAAATAAGGCCTACTTCACAAAGCG	rRNA-MT_RNR2-kmer875
CAAGAGAAATAAGGCCTACTTCACAAAGCGC	rRNA-MT_RNR2-kmer876
AAGAGAAATAAGGCCTACTTCACAAAGCGCC	rRNA-MT_RNR2-kmer877
AGAGAAATAAGGCCTACTTCACAAAGCGCCT	rRNA-MT_RNR2-kmer878
GAGAAATAAGGCCTACTTCACAAAGCGCCTT	rRNA-MT_RNR2-kmer879
AGAAATAAGGCCTACTTCACAAAGCGCCTTC	rRNA-MT_RNR2-kmer880
GAAATAAGGCCTACTTCACAAAGCGCCTTCC	rRNA-MT_RNR2-kmer881
AAATAAGGCCTACTTCACAAAGCGCCTTCCC	rRNA-MT_RNR2-kmer882
AATAAGGCCTACTTCACAAAGCGCCTTCCCC	rRNA-MT_RNR2-kmer883
ATAAGGCCTACTTCACAAAGCGCCTTCCCCC	rRNA-MT_RNR2-kmer884
TAAGGCCTACTTCACAAAGCGCCTTCCCCCG	rRNA-MT_RNR2-kmer885
AAGGCCTACTTCACAAAGCGCCTTCCCCCGT	rRNA-MT_RNR2-kmer886
AGGCCTACTTCACAAAGCGCCTTCCCCCGTA	rRNA-MT_RNR2-kmer887
GGCCTACTTCACAAAGCGCCTTCCCCCGTAA	rRNA-MT_RNR2-kmer888
GCCTACTTCACAAAGCGCCTTCCCCCGTAAA	rRNA-MT_RNR2-kmer889
CCTACTTCACAAAGCGCCTTCCCCCGTAAAT	rRNA-MT_RNR2-kmer890
CTACTTCACAAAGCGCCTTCCCCCGTAAATG	rRNA-MT_RNR2-kmer891
TACTTCACAAAGCGCCTTCCCCCGTAAATGA	rRNA-MT_RNR2-kmer892
ACTTCACAAAGCGCCTTCCCCCGTAAATGAT	rRNA-MT_RNR2-kmer893
CTTCACAAAGCGCCTTCCCCCGTAAATGATA	rRNA-MT_RNR2-kmer894
TTCACAAAGCGCCTTCCCCCGTAAATGATAT	rRNA-MT_RNR2-kmer895
TCACAAAGCGCCTTCCCCCGTAAATGATATC	rRNA-MT_RNR2-kmer896
CACAAAGCGCCTTCCCCCGTAAATGATATCA	rRNA-MT_RNR2-kmer897
ACAAAGCGCCTTCCCCCGTAAATGATATCAT	rRNA-MT_RNR2-kmer898
CAAAGCGCCTTCCCCCGTAAATGATATCATC	rRNA-MT_RNR2-kmer899
AAAGCGCCTTCCCCCGTAAATGATATCATCT	rRNA-MT_RNR2-kmer900
AAGCGCCTTCCCCCGTAAATGATATCATCTC	rRNA-MT_RNR2-kmer901
AGCGCCTTCCCCCGTAAATGATATCATCTCA	rRNA-MT_RNR2-kmer902
GCGCCTTCCCCCGTAAATGATATCATCTCAA	rRNA-MT_RNR2-kmer903
CGCCTTCCCCCGTAAATGATATCATCTCAAC	rRNA-MT_RNR2-kmer904
GCCTTCCCCCGTAAATGATATCATCTCAACT	rRNA-MT_RNR2-kmer905
CCTTCCCCCGTAAATGATATCATCTCAACTT	rRNA-MT_RNR2-kmer906
CTTCCCCCGTAAATGATATCATCTCAACTTA	rRNA-MT_RNR2-kmer907
TTCCCCCGTAAATGATATCATCTCAACTTAG	rRNA-MT_RNR2-kmer908
TCCCCCGTAAATGATATCATCTCAACTTAGT	rRNA-MT_RNR2-kmer909
CCCCCGTAAATGATATCATCTCAACTTAGTA	rRNA-MT_RNR2-kmer910
CCCCGTAAATGATATCATCTCAACTTAGTAT	rRNA-MT_RNR2-kmer911
CCCGTAAATGATATCATCTCAACTTAGTATT	rRNA-MT_RNR2-kmer912
CCGTAAATGATATCATCTCAACTTAGTATTA	rRNA-MT_RNR2-kmer913
CGTAAATGATATCATCTCAACTTAGTATTAT	rRNA-MT_RNR2-kmer914
GTAAATGATATCATCTCAACTTAGTATTATA	rRNA-MT_RNR2-kmer915
TAAATGATATCATCTCAACTTAGTATTATAC	rRNA-MT_RNR2-kmer916
AAATGATATCATCTCAACTTAGTATTATACC	rRNA-MT_RNR2-kmer917
AATGATATCATCTCAACTTAGTATTATACCC	rRNA-MT_RNR2-kmer918
ATGATATCATCTCAACTTAGTATTATACCCA	rRNA-MT_RNR2-kmer919
TGATATCATCTCAACTTAGTATTATACCCAC	rRNA-MT_RNR2-kmer920
GATATCATCTCAACTTAGTATTATACCCACA	rRNA-MT_RNR2-kmer921
ATATCATCTCAACTTAGTATTATACCCACAC	rRNA-MT_RNR2-kmer922
TATCATCTCAACTTAGTATTATACCCACACC	rRNA-MT_RNR2-kmer923
ATCATCTCAACTTAGTATTATACCCACACCC	rRNA-MT_RNR2-kmer924
TCATCTCAACTTAGTATTATACCCACACCCA	rRNA-MT_RNR2-kmer925
CATCTCAACTTAGTATTATACCCACACCCAC	rRNA-MT_RNR2-kmer926
ATCTCAACTTAGTATTATACCCACACCCACC	rRNA-MT_RNR2-kmer927
TCTCAACTTAGTATTATACCCACACCCACCC	rRNA-MT_RNR2-kmer928
CTCAACTTAGTATTATACCCACACCCACCCA	rRNA-MT_RNR2-kmer929
TCAACTTAGTATTATACCCACACCCACCCAA	rRNA-MT_RNR2-kmer930
CAACTTAGTATTATACCCACACCCACCCAAG	rRNA-MT_RNR2-kmer931
AACTTAGTATTATACCCACACCCACCCAAGA	rRNA-MT_RNR2-kmer932
ACTTAGTATTATACCCACACCCACCCAAGAA	rRNA-MT_RNR2-kmer933
CTTAGTATTATACCCACACCCACCCAAGAAC	rRNA-MT_RNR2-kmer934
TTAGTATTATACCCACACCCACCCAAGAACA	rRNA-MT_RNR2-kmer935
TAGTATTATACCCACACCCACCCAAGAACAG	rRNA-MT_RNR2-kmer936
AGTATTATACCCACACCCACCCAAGAACAGG	rRNA-MT_RNR2-kmer937
GTATTATACCCACACCCACCCAAGAACAGGG	rRNA-MT_RNR2-kmer938
TATTATACCCACACCCACCCAAGAACAGGGT	rRNA-MT_RNR2-kmer939
ATTATACCCACACCCACCCAAGAACAGGGTT	rRNA-MT_RNR2-kmer940
TTATACCCACACCCACCCAAGAACAGGGTTT	rRNA-MT_RNR2-kmer941
CTGAATTTAAGCATATTAGTCAGCGGAGGAG	rRNA-RNA28SN1-kmer1
TGAATTTAAGCATATTAGTCAGCGGAGGAGA	rRNA-RNA28SN1-kmer2
GAATTTAAGCATATTAGTCAGCGGAGGAGAA	rRNA-RNA28SN1-kmer3
AATTTAAGCATATTAGTCAGCGGAGGAGAAG	rRNA-RNA28SN1-kmer4
ATTTAAGCATATTAGTCAGCGGAGGAGAAGA	rRNA-RNA28SN1-kmer5
TTTAAGCATATTAGTCAGCGGAGGAGAAGAA	rRNA-RNA28SN1-kmer6
TTAAGCATATTAGTCAGCGGAGGAGAAGAAA	rRNA-RNA28SN1-kmer7
TAAGCATATTAGTCAGCGGAGGAGAAGAAAC	rRNA-RNA28SN1-kmer8
AAGCATATTAGTCAGCGGAGGAGAAGAAACT	rRNA-RNA28SN1-kmer9
AGCATATTAGTCAGCGGAGGAGAAGAAACTA	rRNA-RNA28SN1-kmer10
GCATATTAGTCAGCGGAGGAGAAGAAACTAA	rRNA-RNA28SN1-kmer11
CATATTAGTCAGCGGAGGAGAAGAAACTAAC	rRNA-RNA28SN1-kmer12
ATATTAGTCAGCGGAGGAGAAGAAACTAACC	rRNA-RNA28SN1-kmer13
TATTAGTCAGCGGAGGAGAAGAAACTAACCA	rRNA-RNA28SN1-kmer14
ATTAGTCAGCGGAGGAGAAGAAACTAACCAG	rRNA-RNA28SN1-kmer15
TTAGTCAGCGGAGGAGAAGAAACTAACCAGG	rRNA-RNA28SN1-kmer16
TAGTCAGCGGAGGAGAAGAAACTAACCAGGA	rRNA-RNA28SN1-kmer17
AGTCAGCGGAGGAGAAGAAACTAACCAGGAT	rRNA-RNA28SN1-kmer18
GTCAGCGGAGGAGAAGAAACTAACCAGGATT	rRNA-RNA28SN1-kmer19
TCAGCGGAGGAGAAGAAACTAACCAGGATTC	rRNA-RNA28SN1-kmer20
CAGCGGAGGAGAAGAAACTAACCAGGATTCC	rRNA-RNA28SN1-kmer21
AGCGGAGGAGAAGAAACTAACCAGGATTCCC	rRNA-RNA28SN1-kmer22
GCGGAGGAGAAGAAACTAACCAGGATTCCCT	rRNA-RNA28SN1-kmer23
CGGAGGAGAAGAAACTAACCAGGATTCCCTC	rRNA-RNA28SN1-kmer24
GGAGGAGAAGAAACTAACCAGGATTCCCTCA	rRNA-RNA28SN1-kmer25
GAGGAGAAGAAACTAACCAGGATTCCCTCAG	rRNA-RNA28SN1-kmer26
AGGAGAAGAAACTAACCAGGATTCCCTCAGT	rRNA-RNA28SN1-kmer27
GGAGAAGAAACTAACCAGGATTCCCTCAGTA	rRNA-RNA28SN1-kmer28
GAGAAGAAACTAACCAGGATTCCCTCAGTAA	rRNA-RNA28SN1-kmer29
AGAAGAAACTAACCAGGATTCCCTCAGTAAC	rRNA-RNA28SN1-kmer30
GAAGAAACTAACCAGGATTCCCTCAGTAACG	rRNA-RNA28SN1-kmer31
CCGGGCGGGTCGCGCCGTCGGGCCCGGGGGA	rRNA-RNA28SN1-kmer32
CGGGCGGGTCGCGCCGTCGGGCCCGGGGGAG	rRNA-RNA28SN1-kmer33
GGGCGGGTCGCGCCGTCGGGCCCGGGGGAGG	rRNA-RNA28SN1-kmer34
GGCGGGTCGCGCCGTCGGGCCCGGGGGAGGT	rRNA-RNA28SN1-kmer35
GCGGGTCGCGCCGTCGGGCCCGGGGGAGGTT	rRNA-RNA28SN1-kmer36
CGGGTCGCGCCGTCGGGCCCGGGGGAGGTTC	rRNA-RNA28SN1-kmer37
GGGTCGCGCCGTCGGGCCCGGGGGAGGTTCT	rRNA-RNA28SN1-kmer38
GGTCGCGCCGTCGGGCCCGGGGGAGGTTCTC	rRNA-RNA28SN1-kmer39
GTCGCGCCGTCGGGCCCGGGGGAGGTTCTCT	rRNA-RNA28SN1-kmer40
TCGCGCCGTCGGGCCCGGGGGAGGTTCTCTC	rRNA-RNA28SN1-kmer41
CGCGCCGTCGGGCCCGGGGGAGGTTCTCTCG	rRNA-RNA28SN1-kmer42
GCGCCGTCGGGCCCGGGGGAGGTTCTCTCGG	rRNA-RNA28SN1-kmer43
CGCCGTCGGGCCCGGGGGAGGTTCTCTCGGG	rRNA-RNA28SN1-kmer44
GCCGTCGGGCCCGGGGGAGGTTCTCTCGGGG	rRNA-RNA28SN1-kmer45
CCGTCGGGCCCGGGGGAGGTTCTCTCGGGGC	rRNA-RNA28SN1-kmer46
CGTCGGGCCCGGGGGAGGTTCTCTCGGGGCC	rRNA-RNA28SN1-kmer47
GTCGGGCCCGGGGGAGGTTCTCTCGGGGCCA	rRNA-RNA28SN1-kmer48
TCGGGCCCGGGGGAGGTTCTCTCGGGGCCAC	rRNA-RNA28SN1-kmer49
CGGGCCCGGGGGAGGTTCTCTCGGGGCCACG	rRNA-RNA28SN1-kmer50
GGGCCCGGGGGAGGTTCTCTCGGGGCCACGC	rRNA-RNA28SN1-kmer51
GGCCCGGGGGAGGTTCTCTCGGGGCCACGCG	rRNA-RNA28SN1-kmer52
GCCCGGGGGAGGTTCTCTCGGGGCCACGCGC	rRNA-RNA28SN1-kmer53
CCCGGGGGAGGTTCTCTCGGGGCCACGCGCG	rRNA-RNA28SN1-kmer54
CCGGGGGAGGTTCTCTCGGGGCCACGCGCGC	rRNA-RNA28SN1-kmer55
CGGGGGAGGTTCTCTCGGGGCCACGCGCGCG	rRNA-RNA28SN1-kmer56
GTGTGCGTCGGAGGGCGGCGGCGGCGGCGGC	rRNA-RNA28SN1-kmer57
TGTGCGTCGGAGGGCGGCGGCGGCGGCGGCG	rRNA-RNA28SN1-kmer58
GTGCGTCGGAGGGCGGCGGCGGCGGCGGCGG	rRNA-RNA28SN1-kmer59
TGCGTCGGAGGGCGGCGGCGGCGGCGGCGGC	rRNA-RNA28SN1-kmer60
GCGTCGGAGGGCGGCGGCGGCGGCGGCGGCG	rRNA-RNA28SN1-kmer61
CGTCGGAGGGCGGCGGCGGCGGCGGCGGCGG	rRNA-RNA28SN1-kmer62
GTCGGAGGGCGGCGGCGGCGGCGGCGGCGGG	rRNA-RNA28SN1-kmer63
TCGGAGGGCGGCGGCGGCGGCGGCGGCGGGG	rRNA-RNA28SN1-kmer64
CGGAGGGCGGCGGCGGCGGCGGCGGCGGGGG	rRNA-RNA28SN1-kmer65
GGAGGGCGGCGGCGGCGGCGGCGGCGGGGGT	rRNA-RNA28SN1-kmer66
GAGGGCGGCGGCGGCGGCGGCGGCGGGGGTG	rRNA-RNA28SN1-kmer67
AGGGCGGCGGCGGCGGCGGCGGCGGGGGTGT	rRNA-RNA28SN1-kmer68
GGGCGGCGGCGGCGGCGGCGGCGGGGGTGTG	rRNA-RNA28SN1-kmer69
GGCGGCGGCGGCGGCGGCGGCGGGGGTGTGG	rRNA-RNA28SN1-kmer70
GCGGCGGCGGCGGCGGCGGCGGGGGTGTGGG	rRNA-RNA28SN1-kmer71
CGGCGGCGGCGGCGGCGGCGGGGGTGTGGGG	rRNA-RNA28SN1-kmer72
GGCGGCGGCGGCGGCGGCGGGGGTGTGGGGT	rRNA-RNA28SN1-kmer73
GCGGCGGCGGCGGCGGCGGGGGTGTGGGGTC	rRNA-RNA28SN1-kmer74
CGGCGGCGGCGGCGGCGGGGGTGTGGGGTCC	rRNA-RNA28SN1-kmer75
GGCGGCGGCGGCGGCGGGGGTGTGGGGTCCT	rRNA-RNA28SN1-kmer76
GCGGCGGCGGCGGCGGGGGTGTGGGGTCCTT	rRNA-RNA28SN1-kmer77
CGGCGGCGGCGGCGGGGGTGTGGGGTCCTTC	rRNA-RNA28SN1-kmer78
GGCGGCGGCGGCGGGGGTGTGGGGTCCTTCC	rRNA-RNA28SN1-kmer79
GCGGCGGCGGCGGGGGTGTGGGGTCCTTCCC	rRNA-RNA28SN1-kmer80
CGGCGGCGGCGGGGGTGTGGGGTCCTTCCCC	rRNA-RNA28SN1-kmer81
GGCGGCGGCGGGGGTGTGGGGTCCTTCCCCC	rRNA-RNA28SN1-kmer82
GCGGCGGCGGGGGTGTGGGGTCCTTCCCCCG	rRNA-RNA28SN1-kmer83
CGGCGGCGGGGGTGTGGGGTCCTTCCCCCGC	rRNA-RNA28SN1-kmer84
GGCGGCGGGGGTGTGGGGTCCTTCCCCCGCC	rRNA-RNA28SN1-kmer85
GCGGCGGGGGTGTGGGGTCCTTCCCCCGCCC	rRNA-RNA28SN1-kmer86
CGGCGGGGGTGTGGGGTCCTTCCCCCGCCCC	rRNA-RNA28SN1-kmer87
GGCGGGGGTGTGGGGTCCTTCCCCCGCCCCC	rRNA-RNA28SN1-kmer88
GCGGGGGTGTGGGGTCCTTCCCCCGCCCCCC	rRNA-RNA28SN1-kmer89
CGGGGGTGTGGGGTCCTTCCCCCGCCCCCCC	rRNA-RNA28SN1-kmer90
GGGGGTGTGGGGTCCTTCCCCCGCCCCCCCC	rRNA-RNA28SN1-kmer91
GGGGTGTGGGGTCCTTCCCCCGCCCCCCCCC	rRNA-RNA28SN1-kmer92
GGGTGTGGGGTCCTTCCCCCGCCCCCCCCCC	rRNA-RNA28SN1-kmer93
GGTGTGGGGTCCTTCCCCCGCCCCCCCCCCC	rRNA-RNA28SN1-kmer94
GTGTGGGGTCCTTCCCCCGCCCCCCCCCCCA	rRNA-RNA28SN1-kmer95
TGTGGGGTCCTTCCCCCGCCCCCCCCCCCAC	rRNA-RNA28SN1-kmer96
GTGGGGTCCTTCCCCCGCCCCCCCCCCCACG	rRNA-RNA28SN1-kmer97
TGGGGTCCTTCCCCCGCCCCCCCCCCCACGC	rRNA-RNA28SN1-kmer98
GGGGTCCTTCCCCCGCCCCCCCCCCCACGCC	rRNA-RNA28SN1-kmer99
GGGTCCTTCCCCCGCCCCCCCCCCCACGCCT	rRNA-RNA28SN1-kmer100
GGTCCTTCCCCCGCCCCCCCCCCCACGCCTC	rRNA-RNA28SN1-kmer101
GTCCTTCCCCCGCCCCCCCCCCCACGCCTCC	rRNA-RNA28SN1-kmer102
TCCTTCCCCCGCCCCCCCCCCCACGCCTCCT	rRNA-RNA28SN1-kmer103
CCTTCCCCCGCCCCCCCCCCCACGCCTCCTC	rRNA-RNA28SN1-kmer104
CTTCCCCCGCCCCCCCCCCCACGCCTCCTCC	rRNA-RNA28SN1-kmer105
TTCCCCCGCCCCCCCCCCCACGCCTCCTCCC	rRNA-RNA28SN1-kmer106
TCCCCCGCCCCCCCCCCCACGCCTCCTCCCC	rRNA-RNA28SN1-kmer107
CCCCCGCCCCCCCCCCCACGCCTCCTCCCCT	rRNA-RNA28SN1-kmer108
CCCCGCCCCCCCCCCCACGCCTCCTCCCCTC	rRNA-RNA28SN1-kmer109
CCCGCCCCCCCCCCCACGCCTCCTCCCCTCC	rRNA-RNA28SN1-kmer110
CCGCCCCCCCCCCCACGCCTCCTCCCCTCCT	rRNA-RNA28SN1-kmer111
CGCCCCCCCCCCCACGCCTCCTCCCCTCCTC	rRNA-RNA28SN1-kmer112
GCCCCCCCCCCCACGCCTCCTCCCCTCCTCC	rRNA-RNA28SN1-kmer113
CCCCCCCCCCCACGCCTCCTCCCCTCCTCCC	rRNA-RNA28SN1-kmer114
CTGAATTTAAGCATATTAGTCAGCGGAGGAG	rRNA-RNA28SN5-kmer1
TGAATTTAAGCATATTAGTCAGCGGAGGAGA	rRNA-RNA28SN5-kmer2
GAATTTAAGCATATTAGTCAGCGGAGGAGAA	rRNA-RNA28SN5-kmer3
AATTTAAGCATATTAGTCAGCGGAGGAGAAG	rRNA-RNA28SN5-kmer4
ATTTAAGCATATTAGTCAGCGGAGGAGAAGA	rRNA-RNA28SN5-kmer5
TTTAAGCATATTAGTCAGCGGAGGAGAAGAA	rRNA-RNA28SN5-kmer6
TTAAGCATATTAGTCAGCGGAGGAGAAGAAA	rRNA-RNA28SN5-kmer7
TAAGCATATTAGTCAGCGGAGGAGAAGAAAC	rRNA-RNA28SN5-kmer8
AAGCATATTAGTCAGCGGAGGAGAAGAAACT	rRNA-RNA28SN5-kmer9
AGCATATTAGTCAGCGGAGGAGAAGAAACTA	rRNA-RNA28SN5-kmer10
GCATATTAGTCAGCGGAGGAGAAGAAACTAA	rRNA-RNA28SN5-kmer11
CATATTAGTCAGCGGAGGAGAAGAAACTAAC	rRNA-RNA28SN5-kmer12
ATATTAGTCAGCGGAGGAGAAGAAACTAACC	rRNA-RNA28SN5-kmer13
TATTAGTCAGCGGAGGAGAAGAAACTAACCA	rRNA-RNA28SN5-kmer14
ATTAGTCAGCGGAGGAGAAGAAACTAACCAG	rRNA-RNA28SN5-kmer15
TTAGTCAGCGGAGGAGAAGAAACTAACCAGG	rRNA-RNA28SN5-kmer16
TAGTCAGCGGAGGAGAAGAAACTAACCAGGA	rRNA-RNA28SN5-kmer17
AGTCAGCGGAGGAGAAGAAACTAACCAGGAT	rRNA-RNA28SN5-kmer18
GTCAGCGGAGGAGAAGAAACTAACCAGGATT	rRNA-RNA28SN5-kmer19
TCAGCGGAGGAGAAGAAACTAACCAGGATTC	rRNA-RNA28SN5-kmer20
CAGCGGAGGAGAAGAAACTAACCAGGATTCC	rRNA-RNA28SN5-kmer21
AGCGGAGGAGAAGAAACTAACCAGGATTCCC	rRNA-RNA28SN5-kmer22
GCGGAGGAGAAGAAACTAACCAGGATTCCCT	rRNA-RNA28SN5-kmer23
CGGAGGAGAAGAAACTAACCAGGATTCCCTC	rRNA-RNA28SN5-kmer24
GGAGGAGAAGAAACTAACCAGGATTCCCTCA	rRNA-RNA28SN5-kmer25
GAGGAGAAGAAACTAACCAGGATTCCCTCAG	rRNA-RNA28SN5-kmer26
AGGAGAAGAAACTAACCAGGATTCCCTCAGT	rRNA-RNA28SN5-kmer27
GGAGAAGAAACTAACCAGGATTCCCTCAGTA	rRNA-RNA28SN5-kmer28
GAGAAGAAACTAACCAGGATTCCCTCAGTAA	rRNA-RNA28SN5-kmer29
AGAAGAAACTAACCAGGATTCCCTCAGTAAC	rRNA-RNA28SN5-kmer30
GAAGAAACTAACCAGGATTCCCTCAGTAACG	rRNA-RNA28SN5-kmer31
CCGGGCGGGTCGCGCCGTCGGGCCCGGGGGA	rRNA-RNA28SN5-kmer32
CGGGCGGGTCGCGCCGTCGGGCCCGGGGGAG	rRNA-RNA28SN5-kmer33
GGGCGGGTCGCGCCGTCGGGCCCGGGGGAGG	rRNA-RNA28SN5-kmer34
GGCGGGTCGCGCCGTCGGGCCCGGGGGAGGT	rRNA-RNA28SN5-kmer35
GCGGGTCGCGCCGTCGGGCCCGGGGGAGGTT	rRNA-RNA28SN5-kmer36
CGGGTCGCGCCGTCGGGCCCGGGGGAGGTTC	rRNA-RNA28SN5-kmer37
GGGTCGCGCCGTCGGGCCCGGGGGAGGTTCT	rRNA-RNA28SN5-kmer38
GGTCGCGCCGTCGGGCCCGGGGGAGGTTCTC	rRNA-RNA28SN5-kmer39
GTCGCGCCGTCGGGCCCGGGGGAGGTTCTCT	rRNA-RNA28SN5-kmer40
TCGCGCCGTCGGGCCCGGGGGAGGTTCTCTC	rRNA-RNA28SN5-kmer41
CGCGCCGTCGGGCCCGGGGGAGGTTCTCTCG	rRNA-RNA28SN5-kmer42
GCGCCGTCGGGCCCGGGGGAGGTTCTCTCGG	rRNA-RNA28SN5-kmer43
CGCCGTCGGGCCCGGGGGAGGTTCTCTCGGG	rRNA-RNA28SN5-kmer44
GCCGTCGGGCCCGGGGGAGGTTCTCTCGGGG	rRNA-RNA28SN5-kmer45
CCGTCGGGCCCGGGGGAGGTTCTCTCGGGGC	rRNA-RNA28SN5-kmer46
CGTCGGGCCCGGGGGAGGTTCTCTCGGGGCC	rRNA-RNA28SN5-kmer47
GTCGGGCCCGGGGGAGGTTCTCTCGGGGCCA	rRNA-RNA28SN5-kmer48
TCGGGCCCGGGGGAGGTTCTCTCGGGGCCAC	rRNA-RNA28SN5-kmer49
CGGGCCCGGGGGAGGTTCTCTCGGGGCCACG	rRNA-RNA28SN5-kmer50
GGGCCCGGGGGAGGTTCTCTCGGGGCCACGC	rRNA-RNA28SN5-kmer51
GGCCCGGGGGAGGTTCTCTCGGGGCCACGCG	rRNA-RNA28SN5-kmer52
GCCCGGGGGAGGTTCTCTCGGGGCCACGCGC	rRNA-RNA28SN5-kmer53
CCCGGGGGAGGTTCTCTCGGGGCCACGCGCG	rRNA-RNA28SN5-kmer54
CCGGGGGAGGTTCTCTCGGGGCCACGCGCGC	rRNA-RNA28SN5-kmer55
CGGGGGAGGTTCTCTCGGGGCCACGCGCGCG	rRNA-RNA28SN5-kmer56
GTGTGCGTCGGAGGGCGGCGGCGGCGGCGGC	rRNA-RNA28SN5-kmer57
TGTGCGTCGGAGGGCGGCGGCGGCGGCGGCG	rRNA-RNA28SN5-kmer58
GTGCGTCGGAGGGCGGCGGCGGCGGCGGCGG	rRNA-RNA28SN5-kmer59
TGCGTCGGAGGGCGGCGGCGGCGGCGGCGGC	rRNA-RNA28SN5-kmer60
GCGTCGGAGGGCGGCGGCGGCGGCGGCGGCG	rRNA-RNA28SN5-kmer61
CGTCGGAGGGCGGCGGCGGCGGCGGCGGCGG	rRNA-RNA28SN5-kmer62
GTCGGAGGGCGGCGGCGGCGGCGGCGGCGGG	rRNA-RNA28SN5-kmer63
TCGGAGGGCGGCGGCGGCGGCGGCGGCGGGG	rRNA-RNA28SN5-kmer64
CGGAGGGCGGCGGCGGCGGCGGCGGCGGGGG	rRNA-RNA28SN5-kmer65
GGAGGGCGGCGGCGGCGGCGGCGGCGGGGGT	rRNA-RNA28SN5-kmer66
GAGGGCGGCGGCGGCGGCGGCGGCGGGGGTG	rRNA-RNA28SN5-kmer67
AGGGCGGCGGCGGCGGCGGCGGCGGGGGTGT	rRNA-RNA28SN5-kmer68
GGGCGGCGGCGGCGGCGGCGGCGGGGGTGTG	rRNA-RNA28SN5-kmer69
GGCGGCGGCGGCGGCGGCGGCGGGGGTGTGG	rRNA-RNA28SN5-kmer70
GCGGCGGCGGCGGCGGCGGCGGGGGTGTGGG	rRNA-RNA28SN5-kmer71
CGGCGGCGGCGGCGGCGGCGGGGGTGTGGGG	rRNA-RNA28SN5-kmer72
GGCGGCGGCGGCGGCGGCGGGGGTGTGGGGT	rRNA-RNA28SN5-kmer73
GCGGCGGCGGCGGCGGCGGGGGTGTGGGGTC	rRNA-RNA28SN5-kmer74
CGGCGGCGGCGGCGGCGGGGGTGTGGGGTCC	rRNA-RNA28SN5-kmer75
GGCGGCGGCGGCGGCGGGGGTGTGGGGTCCT	rRNA-RNA28SN5-kmer76
GCGGCGGCGGCGGCGGGGGTGTGGGGTCCTT	rRNA-RNA28SN5-kmer77
CGGCGGCGGCGGCGGGGGTGTGGGGTCCTTC	rRNA-RNA28SN5-kmer78
GGCGGCGGCGGCGGGGGTGTGGGGTCCTTCC	rRNA-RNA28SN5-kmer79
GCGGCGGCGGCGGGGGTGTGGGGTCCTTCCC	rRNA-RNA28SN5-kmer80
CGGCGGCGGCGGGGGTGTGGGGTCCTTCCCC	rRNA-RNA28SN5-kmer81
GGCGGCGGCGGGGGTGTGGGGTCCTTCCCCC	rRNA-RNA28SN5-kmer82
GCGGCGGCGGGGGTGTGGGGTCCTTCCCCCG	rRNA-RNA28SN5-kmer83
CGGCGGCGGGGGTGTGGGGTCCTTCCCCCGC	rRNA-RNA28SN5-kmer84
GGCGGCGGGGGTGTGGGGTCCTTCCCCCGCC	rRNA-RNA28SN5-kmer85
GCGGCGGGGGTGTGGGGTCCTTCCCCCGCCC	rRNA-RNA28SN5-kmer86
CGGCGGGGGTGTGGGGTCCTTCCCCCGCCCC	rRNA-RNA28SN5-kmer87
GGCGGGGGTGTGGGGTCCTTCCCCCGCCCCC	rRNA-RNA28SN5-kmer88
GCGGGGGTGTGGGGTCCTTCCCCCGCCCCCC	rRNA-RNA28SN5-kmer89
CGGGGGTGTGGGGTCCTTCCCCCGCCCCCCC	rRNA-RNA28SN5-kmer90
GGGGGTGTGGGGTCCTTCCCCCGCCCCCCCC	rRNA-RNA28SN5-kmer91
GGGGTGTGGGGTCCTTCCCCCGCCCCCCCCC	rRNA-RNA28SN5-kmer92
GGGTGTGGGGTCCTTCCCCCGCCCCCCCCCC	rRNA-RNA28SN5-kmer93
GGTGTGGGGTCCTTCCCCCGCCCCCCCCCCC	rRNA-RNA28SN5-kmer94
GTGTGGGGTCCTTCCCCCGCCCCCCCCCCCA	rRNA-RNA28SN5-kmer95
TGTGGGGTCCTTCCCCCGCCCCCCCCCCCAC	rRNA-RNA28SN5-kmer96
GTGGGGTCCTTCCCCCGCCCCCCCCCCCACG	rRNA-RNA28SN5-kmer97
TGGGGTCCTTCCCCCGCCCCCCCCCCCACGC	rRNA-RNA28SN5-kmer98
GGGGTCCTTCCCCCGCCCCCCCCCCCACGCC	rRNA-RNA28SN5-kmer99
GGGTCCTTCCCCCGCCCCCCCCCCCACGCCT	rRNA-RNA28SN5-kmer100
GGTCCTTCCCCCGCCCCCCCCCCCACGCCTC	rRNA-RNA28SN5-kmer101
GTCCTTCCCCCGCCCCCCCCCCCACGCCTCC	rRNA-RNA28SN5-kmer102
TCCTTCCCCCGCCCCCCCCCCCACGCCTCCT	rRNA-RNA28SN5-kmer103
CCTTCCCCCGCCCCCCCCCCCACGCCTCCTC	rRNA-RNA28SN5-kmer104
CTTCCCCCGCCCCCCCCCCCACGCCTCCTCC	rRNA-RNA28SN5-kmer105
TTCCCCCGCCCCCCCCCCCACGCCTCCTCCC	rRNA-RNA28SN5-kmer106
TCCCCCGCCCCCCCCCCCACGCCTCCTCCCC	rRNA-RNA28SN5-kmer107
CCCCCGCCCCCCCCCCCACGCCTCCTCCCCT	rRNA-RNA28SN5-kmer108
CCCCGCCCCCCCCCCCACGCCTCCTCCCCTC	rRNA-RNA28SN5-kmer109
CCCGCCCCCCCCCCCACGCCTCCTCCCCTCC	rRNA-RNA28SN5-kmer110
CCGCCCCCCCCCCCACGCCTCCTCCCCTCCT	rRNA-RNA28SN5-kmer111
CGCCCCCCCCCCCACGCCTCCTCCCCTCCTC	rRNA-RNA28SN5-kmer112
GCCCCCCCCCCCACGCCTCCTCCCCTCCTCC	rRNA-RNA28SN5-kmer113
CCCCCCCCCCCACGCCTCCTCCCCTCCTCCC	rRNA-RNA28SN5-kmer114
CTCCTCCTCGGCGCGCGGCGGCGGCGGCGGC	rRNA-RNA28SN5-kmer115
TCCTCCTCGGCGCGCGGCGGCGGCGGCGGCA	rRNA-RNA28SN5-kmer116
CCTCCTCGGCGCGCGGCGGCGGCGGCGGCAG	rRNA-RNA28SN5-kmer117
CTCCTCGGCGCGCGGCGGCGGCGGCGGCAGG	rRNA-RNA28SN5-kmer118
TCCTCGGCGCGCGGCGGCGGCGGCGGCAGGC	rRNA-RNA28SN5-kmer119
CCTCGGCGCGCGGCGGCGGCGGCGGCAGGCG	rRNA-RNA28SN5-kmer120
CTCGGCGCGCGGCGGCGGCGGCGGCAGGCGG	rRNA-RNA28SN5-kmer121
TCGGCGCGCGGCGGCGGCGGCGGCAGGCGGC	rRNA-RNA28SN5-kmer122
CGGCGCGCGGCGGCGGCGGCGGCAGGCGGCG	rRNA-RNA28SN5-kmer123
GGCGCGCGGCGGCGGCGGCGGCAGGCGGCGG	rRNA-RNA28SN5-kmer124
GCGCGCGGCGGCGGCGGCGGCAGGCGGCGGA	rRNA-RNA28SN5-kmer125
CGCGCGGCGGCGGCGGCGGCAGGCGGCGGAG	rRNA-RNA28SN5-kmer126
GCGCGGCGGCGGCGGCGGCAGGCGGCGGAGG	rRNA-RNA28SN5-kmer127
CGCGGCGGCGGCGGCGGCAGGCGGCGGAGGG	rRNA-RNA28SN5-kmer128
GCGGCGGCGGCGGCGGCAGGCGGCGGAGGGG	rRNA-RNA28SN5-kmer129
CGGCGGCGGCGGCGGCAGGCGGCGGAGGGGC	rRNA-RNA28SN5-kmer130
GGCGGCGGCGGCGGCAGGCGGCGGAGGGGCC	rRNA-RNA28SN5-kmer131
GCGGCGGCGGCGGCAGGCGGCGGAGGGGCCG	rRNA-RNA28SN5-kmer132
CGGCGGCGGCGGCAGGCGGCGGAGGGGCCGC	rRNA-RNA28SN5-kmer133
GGCGGCGGCGGCAGGCGGCGGAGGGGCCGCG	rRNA-RNA28SN5-kmer134
GCGGCGGCGGCAGGCGGCGGAGGGGCCGCGG	rRNA-RNA28SN5-kmer135
CGGCGGCGGCAGGCGGCGGAGGGGCCGCGGG	rRNA-RNA28SN5-kmer136
GGCGGCGGCAGGCGGCGGAGGGGCCGCGGGC	rRNA-RNA28SN5-kmer137
GCGGCGGCAGGCGGCGGAGGGGCCGCGGGCC	rRNA-RNA28SN5-kmer138
CGGCGGCAGGCGGCGGAGGGGCCGCGGGCCG	rRNA-RNA28SN5-kmer139
GGCGGCAGGCGGCGGAGGGGCCGCGGGCCGG	rRNA-RNA28SN5-kmer140
GCGGCAGGCGGCGGAGGGGCCGCGGGCCGGT	rRNA-RNA28SN5-kmer141
CGGCAGGCGGCGGAGGGGCCGCGGGCCGGTC	rRNA-RNA28SN5-kmer142
GGCAGGCGGCGGAGGGGCCGCGGGCCGGTCC	rRNA-RNA28SN5-kmer143
GCAGGCGGCGGAGGGGCCGCGGGCCGGTCCC	rRNA-RNA28SN5-kmer144
CAGGCGGCGGAGGGGCCGCGGGCCGGTCCCC	rRNA-RNA28SN5-kmer145
AGGCGGCGGAGGGGCCGCGGGCCGGTCCCCC	rRNA-RNA28SN5-kmer146
GCCTGTCCCCGCCGGCGGGCCGCCCCCCCCC	rRNA-RNA28SN5-kmer147
CCTGTCCCCGCCGGCGGGCCGCCCCCCCCCT	rRNA-RNA28SN5-kmer148
CTGTCCCCGCCGGCGGGCCGCCCCCCCCCTC	rRNA-RNA28SN5-kmer149
TGTCCCCGCCGGCGGGCCGCCCCCCCCCTCC	rRNA-RNA28SN5-kmer150
GTCCCCGCCGGCGGGCCGCCCCCCCCCTCCA	rRNA-RNA28SN5-kmer151
TCCCCGCCGGCGGGCCGCCCCCCCCCTCCAC	rRNA-RNA28SN5-kmer152
CCCCGCCGGCGGGCCGCCCCCCCCCTCCACG	rRNA-RNA28SN5-kmer153
CCCGCCGGCGGGCCGCCCCCCCCCTCCACGC	rRNA-RNA28SN5-kmer154
CCGCCGGCGGGCCGCCCCCCCCCTCCACGCG	rRNA-RNA28SN5-kmer155
CGCCGGCGGGCCGCCCCCCCCCTCCACGCGC	rRNA-RNA28SN5-kmer156
GCCGGCGGGCCGCCCCCCCCCTCCACGCGCC	rRNA-RNA28SN5-kmer157
CCGGCGGGCCGCCCCCCCCCTCCACGCGCCC	rRNA-RNA28SN5-kmer158
CGGCGGGCCGCCCCCCCCCTCCACGCGCCCC	rRNA-RNA28SN5-kmer159
GGCGGGCCGCCCCCCCCCTCCACGCGCCCCG	rRNA-RNA28SN5-kmer160
GCGGGCCGCCCCCCCCCTCCACGCGCCCCGC	rRNA-RNA28SN5-kmer161
CGGGCCGCCCCCCCCCTCCACGCGCCCCGCG	rRNA-RNA28SN5-kmer162
GGGCCGCCCCCCCCCTCCACGCGCCCCGCGC	rRNA-RNA28SN5-kmer163
GGCCGCCCCCCCCCTCCACGCGCCCCGCGCG	rRNA-RNA28SN5-kmer164
GCCGCCCCCCCCCTCCACGCGCCCCGCGCGC	rRNA-RNA28SN5-kmer165
CCGCCCCCCCCCTCCACGCGCCCCGCGCGCG	rRNA-RNA28SN5-kmer166
CGCCCCCCCCCTCCACGCGCCCCGCGCGCGC	rRNA-RNA28SN5-kmer167
GCCCCCCCCCTCCACGCGCCCCGCGCGCGCG	rRNA-RNA28SN5-kmer168
CCCCCCCCCTCCACGCGCCCCGCGCGCGCGG	rRNA-RNA28SN5-kmer169
TGCCCTTCGTCCTGGGAAACGGGGCGCGGCC	rRNA-RNA28SN5-kmer170
GCCCTTCGTCCTGGGAAACGGGGCGCGGCCG	rRNA-RNA28SN5-kmer171
CCCTTCGTCCTGGGAAACGGGGCGCGGCCGG	rRNA-RNA28SN5-kmer172
CCTTCGTCCTGGGAAACGGGGCGCGGCCGGA	rRNA-RNA28SN5-kmer173
CTTCGTCCTGGGAAACGGGGCGCGGCCGGAG	rRNA-RNA28SN5-kmer174
TTCGTCCTGGGAAACGGGGCGCGGCCGGAGA	rRNA-RNA28SN5-kmer175
TCGTCCTGGGAAACGGGGCGCGGCCGGAGAG	rRNA-RNA28SN5-kmer176
CGTCCTGGGAAACGGGGCGCGGCCGGAGAGG	rRNA-RNA28SN5-kmer177
GTCCTGGGAAACGGGGCGCGGCCGGAGAGGC	rRNA-RNA28SN5-kmer178
TCCTGGGAAACGGGGCGCGGCCGGAGAGGCG	rRNA-RNA28SN5-kmer179
CCTGGGAAACGGGGCGCGGCCGGAGAGGCGG	rRNA-RNA28SN5-kmer180
CTGGGAAACGGGGCGCGGCCGGAGAGGCGGC	rRNA-RNA28SN5-kmer181
TGGGAAACGGGGCGCGGCCGGAGAGGCGGCC	rRNA-RNA28SN5-kmer182
GGGAAACGGGGCGCGGCCGGAGAGGCGGCCG	rRNA-RNA28SN5-kmer183
GGAAACGGGGCGCGGCCGGAGAGGCGGCCGC	rRNA-RNA28SN5-kmer184
GAAACGGGGCGCGGCCGGAGAGGCGGCCGCC	rRNA-RNA28SN5-kmer185
AAACGGGGCGCGGCCGGAGAGGCGGCCGCCC	rRNA-RNA28SN5-kmer186
AACGGGGCGCGGCCGGAGAGGCGGCCGCCCC	rRNA-RNA28SN5-kmer187
ACGGGGCGCGGCCGGAGAGGCGGCCGCCCCC	rRNA-RNA28SN5-kmer188
CGGGGCGCGGCCGGAGAGGCGGCCGCCCCCT	rRNA-RNA28SN5-kmer189
GGGGCGCGGCCGGAGAGGCGGCCGCCCCCTC	rRNA-RNA28SN5-kmer190
GGGCGCGGCCGGAGAGGCGGCCGCCCCCTCG	rRNA-RNA28SN5-kmer191
GGCGCGGCCGGAGAGGCGGCCGCCCCCTCGC	rRNA-RNA28SN5-kmer192
GCGCGGCCGGAGAGGCGGCCGCCCCCTCGCC	rRNA-RNA28SN5-kmer193
CGCGGCCGGAGAGGCGGCCGCCCCCTCGCCC	rRNA-RNA28SN5-kmer194
GCGGCCGGAGAGGCGGCCGCCCCCTCGCCCG	rRNA-RNA28SN5-kmer195
CGGCCGGAGAGGCGGCCGCCCCCTCGCCCGT	rRNA-RNA28SN5-kmer196
GGCCGGAGAGGCGGCCGCCCCCTCGCCCGTC	rRNA-RNA28SN5-kmer197
GCCGGAGAGGCGGCCGCCCCCTCGCCCGTCA	rRNA-RNA28SN5-kmer198
CCGGAGAGGCGGCCGCCCCCTCGCCCGTCAC	rRNA-RNA28SN5-kmer199
CGGAGAGGCGGCCGCCCCCTCGCCCGTCACG	rRNA-RNA28SN5-kmer200
GGAGAGGCGGCCGCCCCCTCGCCCGTCACGC	rRNA-RNA28SN5-kmer201
GAGAGGCGGCCGCCCCCTCGCCCGTCACGCA	rRNA-RNA28SN5-kmer202
AGAGGCGGCCGCCCCCTCGCCCGTCACGCAC	rRNA-RNA28SN5-kmer203
GAGGCGGCCGCCCCCTCGCCCGTCACGCACC	rRNA-RNA28SN5-kmer204
